complaint_id,order_id,customer_id,complaint_category,complaint_time,zone,is_resolved,resolution_time_hours
CMP00001,ORD011975,CUST00815,Late Delivery,2025-12-20 15:49:00,Al Nuaimiya (Ajman),True,30.0
CMP00002,ORD014083,CUST01080,Missing Items,2025-11-28 10:16:00,JBR (Dubai),True,33.0
CMP00003,ORD009788,CUST02665,Damaged Package,2025-11-15 05:28:00,Al Majaz (Sharjah),True,44.0
CMP00004,ORD006495,CUST02717,Rude Rider,2025-12-26 09:20:00,Al Rashidiya (Ajman),True,
CMP00005,ORD011215,CUST01612,Wrong Order,2025-11-05 13:45:00,JLT (Dubai),True,6.0
CMP00006,ORD014239,CUST04581,Late Delivery,2025-11-16 05:12:00,Deira (Dubai),False,
CMP00007,ORD000192,CUST03476,Wrong Order,2025-12-27 11:07:00,Al Nahda (Sharjah),False,42.0
CMP00008,ORD011955,CUST04900,Damaged Package,2025-10-13 17:07:00,Deira (Dubai),True,
CMP00009,ORD003883,CUST00184,Wrong Order,2025-10-22 13:46:00,Al Nahda (Sharjah),True,36.0
CMP00010,ORD005203,CUST01500,Cold Food,2025-10-19 12:13:00,Al Majaz (Sharjah),True,38.0
CMP00011,ORD005562,CUST04788,Rude Rider,2025-11-19 20:58:00,Downtown (Dubai),False,
CMP00012,ORD014596,CUST02345,Rude Rider,2025-12-21 02:09:00,JBR (Dubai),False,
CMP00013,ORD008408,CUST04423,Cold Food,2025-10-20 08:49:00,Al Rashidiya (Ajman),True,18.0
CMP00014,ORD001169,CUST00279,Rude Rider,2025-11-11 07:42:00,JLT (Dubai),True,5.0
CMP00015,ORD004389,CUST02275,Late Delivery,2025-11-23 16:54:00,Downtown (Dubai),False,
CMP00016,ORD014552,CUST00055,Rude Rider,2025-11-20 07:51:00,Al Nuaimiya (Ajman),True,5.0
CMP00017,ORD006347,CUST04729,Rude Rider,2025-12-08 11:47:00,JBR (Dubai),True,6.0
CMP00018,ORD008063,CUST00990,Late Delivery,2025-12-15 12:07:00,Khalidiya (Abu Dhabi),True,15.0
CMP00019,ORD003792,CUST00292,Late Delivery,2025-11-04 16:02:00,Al Reem (Abu Dhabi),False,7.0
CMP00020,ORD012345,CUST02190,Damaged Package,2025-11-11 01:20:00,Al Nuaimiya (Ajman),False,18.0
CMP00021,ORD003346,CUST03741,Missing Items,2025-12-14 13:41:00,Yas Island (Abu Dhabi),True,24.0
CMP00022,ORD011176,CUST01389,Cold Food,2025-10-07 06:50:00,Corniche (Abu Dhabi),True,19.0
CMP00023,ORD008628,CUST00217,Cold Food,2025-11-19 12:18:00,Al Majaz (Sharjah),True,37.0
CMP00024,ORD007209,CUST01728,Missing Items,2025-12-07 02:56:00,Al Rashidiya (Ajman),True,1.0
CMP00025,ORD000714,CUST04727,Cold Food,2025-11-14 13:50:00,Al Majaz (Sharjah),True,34.0
CMP00026,ORD005189,CUST00848,Damaged Package,2025-12-16 15:38:00,Al Nahda (Sharjah),True,44.0
CMP00027,ORD004341,CUST03360,Rude Rider,2025-11-25 05:16:00,Deira (Dubai),True,24.0
CMP00028,ORD006689,CUST01624,Wrong Order,2025-11-27 14:00:00,Al Nuaimiya (Ajman),False,24.0
CMP00029,ORD009437,CUST03570,Late Delivery,2025-10-05 05:36:00,Khalidiya (Abu Dhabi),True,2.0
CMP00030,ORD005963,CUST02409,Damaged Package,2025-10-19 18:13:00,JBR (Dubai),True,
CMP00031,ORD014887,CUST04921,Cold Food,2025-12-09 15:11:00,Corniche (Abu Dhabi),True,23.0
CMP00032,ORD007862,CUST04799,Rude Rider,2025-12-19 18:32:00,Al Nuaimiya (Ajman),True,12.0
CMP00033,ORD009265,CUST03622,Late Delivery,2025-11-10 07:21:00,Al Majaz (Sharjah),True,
CMP00034,ORD004010,CUST02866,Damaged Package,2025-10-13 15:15:00,Business Bay (Dubai),True,
CMP00035,ORD014367,CUST04788,Missing Items,2025-11-02 07:39:00,Al Qasimia (Sharjah),True,8.0
CMP00036,ORD001255,CUST01972,Missing Items,2025-11-14 06:46:00,Downtown (Dubai),True,43.0
CMP00037,ORD004893,CUST04044,Cold Food,2025-11-27 20:44:00,Al Qasimia (Sharjah),True,12.0
CMP00038,ORD008122,CUST00230,Late Delivery,2025-11-16 15:32:00,Marina (Dubai),True,42.0
CMP00039,ORD013649,CUST00708,Cold Food,2025-11-22 01:51:00,Al Rashidiya (Ajman),True,38.0
CMP00040,ORD013647,CUST01211,Cold Food,2025-11-12 07:56:00,Yas Island (Abu Dhabi),True,
CMP00041,ORD002639,CUST00280,Damaged Package,2025-11-08 13:39:00,Al Reem (Abu Dhabi),False,38.0
CMP00042,ORD012381,CUST03575,Missing Items,2025-10-19 15:33:00,Al Rashidiya (Ajman),True,17.0
CMP00043,ORD000215,CUST01936,Rude Rider,2025-11-06 23:52:00,JLT (Dubai),True,7.0
CMP00044,ORD005327,CUST02045,Wrong Order,2025-11-27 01:33:00,Corniche (Abu Dhabi),True,3.0
CMP00045,ORD006396,CUST01244,Missing Items,2025-11-30 03:48:00,Al Nuaimiya (Ajman),False,
CMP00046,ORD003336,CUST02275,Cold Food,2025-12-21 08:00:00,Al Rashidiya (Ajman),True,32.0
CMP00047,ORD007402,CUST02619,Rude Rider,2025-11-22 14:51:00,Khalidiya (Abu Dhabi),True,4.0
CMP00048,ORD013152,CUST04489,Rude Rider,2025-11-02 12:19:00,Al Reem (Abu Dhabi),True,22.0
CMP00049,ORD011243,CUST01479,Wrong Order,2025-11-05 06:47:00,Downtown (Dubai),False,14.0
CMP00050,ORD012695,CUST00322,Wrong Order,2025-11-09 21:29:00,Deira (Dubai),False,12.0
CMP00051,ORD004789,CUST02486,Cold Food,2025-12-21 11:22:00,Al Nuaimiya (Ajman),False,47.0
CMP00052,ORD001609,CUST04681,Late Delivery,2025-12-09 12:24:00,Corniche (Abu Dhabi),True,42.0
CMP00053,ORD000137,CUST02977,Cold Food,2025-12-11 04:04:00,Al Nuaimiya (Ajman),True,29.0
CMP00054,ORD011832,CUST00155,Late Delivery,2025-12-16 01:35:00,Al Nahda (Sharjah),True,25.0
CMP00055,ORD011294,CUST04222,Wrong Order,2025-12-29 10:47:00,Corniche (Abu Dhabi),True,
CMP00056,ORD007233,CUST00533,Damaged Package,2025-12-29 00:00:00,Al Rashidiya (Ajman),True,4.0
CMP00057,ORD012467,CUST02084,Late Delivery,2025-10-21 12:56:00,Marina (Dubai),True,40.0
CMP00058,ORD010781,CUST00490,Missing Items,2025-11-21 18:34:00,Business Bay (Dubai),False,
CMP00059,ORD007359,CUST00721,Late Delivery,2025-11-26 11:40:00,Al Majaz (Sharjah),True,48.0
CMP00060,ORD008182,CUST00242,Rude Rider,2025-11-11 18:45:00,Al Majaz (Sharjah),True,29.0
CMP00061,ORD009092,CUST01921,Damaged Package,2025-12-05 14:43:00,Yas Island (Abu Dhabi),True,
CMP00062,ORD006874,CUST03086,Late Delivery,2025-11-05 04:59:00,Al Reem (Abu Dhabi),False,44.0
CMP00063,ORD006913,CUST01024,Late Delivery,2025-10-02 21:14:00,Deira (Dubai),False,45.0
CMP00064,ORD000962,CUST04734,Late Delivery,2025-10-31 11:30:00,Khalidiya (Abu Dhabi),False,20.0
CMP00065,ORD001012,CUST04068,Rude Rider,2025-11-13 07:04:00,Yas Island (Abu Dhabi),True,42.0
CMP00066,ORD010353,CUST03193,Damaged Package,2025-10-13 00:42:00,Al Nuaimiya (Ajman),True,36.0
CMP00067,ORD000287,CUST04926,Cold Food,2025-10-30 02:40:00,Al Nahda (Sharjah),False,9.0
CMP00068,ORD014577,CUST02790,Wrong Order,2025-12-08 05:43:00,Business Bay (Dubai),True,8.0
CMP00069,ORD014897,CUST01335,Rude Rider,2025-11-26 20:40:00,Corniche (Abu Dhabi),True,47.0
CMP00070,ORD003576,CUST00365,Cold Food,2025-10-29 02:39:00,JBR (Dubai),False,
CMP00071,ORD008468,CUST04213,Damaged Package,2025-11-07 20:35:00,Marina (Dubai),True,47.0
CMP00072,ORD003187,CUST01189,Late Delivery,2025-10-29 14:34:00,Khalidiya (Abu Dhabi),True,
CMP00073,ORD000853,CUST04257,Damaged Package,2025-11-25 07:26:00,Deira (Dubai),True,44.0
CMP00074,ORD013352,CUST04452,Late Delivery,2025-10-26 01:35:00,Al Nuaimiya (Ajman),True,47.0
CMP00075,ORD012810,CUST01325,Missing Items,2025-11-26 09:30:00,Al Nuaimiya (Ajman),True,16.0
CMP00076,ORD005410,CUST00767,Cold Food,2025-12-14 22:08:00,Al Nuaimiya (Ajman),True,
CMP00077,ORD000422,CUST01520,Damaged Package,2025-10-15 18:11:00,Al Majaz (Sharjah),True,29.0
CMP00078,ORD008300,CUST00470,Damaged Package,2025-12-08 20:26:00,Business Bay (Dubai),True,17.0
CMP00079,ORD012139,CUST03990,Damaged Package,2025-11-12 21:21:00,Al Nuaimiya (Ajman),True,12.0
CMP00080,ORD000910,CUST00812,Cold Food,2025-10-07 03:42:00,Yas Island (Abu Dhabi),True,41.0
CMP00081,ORD002708,CUST03788,Missing Items,2025-10-04 03:56:00,Al Majaz (Sharjah),False,22.0
CMP00082,ORD002369,CUST00954,Late Delivery,2025-10-05 20:28:00,Yas Island (Abu Dhabi),True,18.0
CMP00083,ORD011199,CUST03129,Late Delivery,2025-12-04 18:23:00,Al Nuaimiya (Ajman),True,22.0
CMP00084,ORD001812,CUST00264,Late Delivery,2025-11-09 08:06:00,JLT (Dubai),True,14.0
CMP00085,ORD000514,CUST03505,Cold Food,2025-11-22 14:52:00,JLT (Dubai),True,
CMP00086,ORD007250,CUST04851,Damaged Package,2025-11-18 14:09:00,Al Nahda (Sharjah),False,21.0
CMP00087,ORD004586,CUST04013,Late Delivery,2025-11-04 22:44:00,Al Nuaimiya (Ajman),True,47.0
CMP00088,ORD007220,CUST01621,Rude Rider,2025-12-08 13:53:00,JBR (Dubai),False,
CMP00089,ORD002515,CUST03006,Late Delivery,2025-10-14 00:30:00,JBR (Dubai),False,30.0
CMP00090,ORD003320,CUST02461,Missing Items,2025-11-03 09:18:00,Al Reem (Abu Dhabi),True,2.0
CMP00091,ORD001285,CUST01046,Wrong Order,2025-10-04 23:49:00,Deira (Dubai),False,29.0
CMP00092,ORD006926,CUST04349,Missing Items,2025-11-12 18:53:00,Yas Island (Abu Dhabi),True,11.0
CMP00093,ORD002617,CUST01584,Late Delivery,2025-12-18 17:47:00,Al Reem (Abu Dhabi),True,15.0
CMP00094,ORD010957,CUST03777,Wrong Order,2025-12-17 09:00:00,Khalidiya (Abu Dhabi),True,
CMP00095,ORD002218,CUST03539,Late Delivery,2025-12-10 01:52:00,Business Bay (Dubai),False,12.0
CMP00096,ORD011268,CUST02871,Wrong Order,2025-12-29 23:25:00,Al Qasimia (Sharjah),False,23.0
CMP00097,ORD004557,CUST00521,Late Delivery,2025-10-21 22:07:00,Marina (Dubai),True,45.0
CMP00098,ORD002778,CUST04003,Late Delivery,2025-12-15 20:09:00,Al Rashidiya (Ajman),True,47.0
CMP00099,ORD008005,CUST00053,Wrong Order,2025-12-15 15:32:00,JBR (Dubai),False,44.0
CMP00100,ORD006105,CUST03650,Wrong Order,2025-11-03 08:33:00,JBR (Dubai),True,22.0
CMP00101,ORD014936,CUST01216,Missing Items,2025-12-02 20:31:00,Marina (Dubai),True,32.0
CMP00102,ORD001331,CUST00199,Missing Items,2025-12-27 00:33:00,Al Nuaimiya (Ajman),True,30.0
CMP00103,ORD006922,CUST01147,Damaged Package,2025-11-02 03:17:00,JBR (Dubai),True,48.0
CMP00104,ORD011580,CUST02499,Rude Rider,2025-10-20 08:29:00,Al Qasimia (Sharjah),True,
CMP00105,ORD004512,CUST02637,Rude Rider,2025-11-10 20:41:00,Marina (Dubai),False,
CMP00106,ORD006309,CUST03507,Missing Items,2025-12-18 21:17:00,Marina (Dubai),True,14.0
CMP00107,ORD002796,CUST00003,Rude Rider,2025-10-03 02:47:00,Yas Island (Abu Dhabi),True,38.0
CMP00108,ORD012528,CUST04528,Late Delivery,2025-10-13 23:18:00,Al Nuaimiya (Ajman),True,
CMP00109,ORD009548,CUST02964,Cold Food,2025-11-25 19:46:00,Al Reem (Abu Dhabi),True,45.0
CMP00110,ORD010772,CUST00481,Late Delivery,2025-12-29 05:35:00,Marina (Dubai),True,40.0
CMP00111,ORD005994,CUST02381,Cold Food,2025-12-16 11:57:00,Al Reem (Abu Dhabi),False,40.0
CMP00112,ORD008041,CUST02110,Cold Food,2025-11-07 14:48:00,Business Bay (Dubai),False,16.0
CMP00113,ORD011735,CUST04295,Rude Rider,2025-11-21 08:13:00,Al Reem (Abu Dhabi),True,
CMP00114,ORD012531,CUST03190,Missing Items,2025-10-29 20:57:00,Al Majaz (Sharjah),True,
CMP00115,ORD007605,CUST04084,Damaged Package,2025-11-21 07:36:00,Corniche (Abu Dhabi),False,
CMP00116,ORD000968,CUST00446,Missing Items,2025-10-24 21:06:00,Deira (Dubai),True,36.0
CMP00117,ORD014852,CUST01189,Late Delivery,2025-12-01 09:10:00,Al Nahda (Sharjah),True,31.0
CMP00118,ORD000730,CUST04624,Late Delivery,2025-12-08 17:18:00,Al Rashidiya (Ajman),False,31.0
CMP00119,ORD000325,CUST00274,Wrong Order,2025-10-03 11:30:00,Yas Island (Abu Dhabi),True,
CMP00120,ORD008094,CUST00519,Rude Rider,2025-10-22 00:16:00,Al Rashidiya (Ajman),True,20.0
CMP00121,ORD009875,CUST03851,Rude Rider,2025-10-10 09:21:00,Al Rashidiya (Ajman),False,15.0
CMP00122,ORD001585,CUST03335,Late Delivery,2025-11-12 14:09:00,JLT (Dubai),True,11.0
CMP00123,ORD008784,CUST01383,Wrong Order,2025-11-06 20:50:00,Al Majaz (Sharjah),True,
CMP00124,ORD013840,CUST01229,Late Delivery,2025-12-24 00:48:00,Al Nuaimiya (Ajman),True,
CMP00125,ORD000686,CUST03775,Wrong Order,2025-11-12 06:59:00,JBR (Dubai),True,12.0
CMP00126,ORD014981,CUST04455,Late Delivery,2025-12-21 16:13:00,JBR (Dubai),True,38.0
CMP00127,ORD013180,CUST01631,Rude Rider,2025-10-02 23:19:00,Al Reem (Abu Dhabi),True,45.0
CMP00128,ORD014654,CUST01197,Cold Food,2025-11-27 17:31:00,Downtown (Dubai),False,7.0
CMP00129,ORD011354,CUST04792,Late Delivery,2025-10-23 19:52:00,Al Reem (Abu Dhabi),True,
CMP00130,ORD009377,CUST04216,Rude Rider,2025-12-02 15:48:00,Al Reem (Abu Dhabi),False,44.0
CMP00131,ORD000967,CUST04554,Wrong Order,2025-10-29 23:49:00,Deira (Dubai),True,35.0
CMP00132,ORD003357,CUST01389,Missing Items,2025-11-12 16:53:00,JLT (Dubai),True,
CMP00133,ORD014472,CUST04880,Late Delivery,2025-11-03 08:07:00,Al Reem (Abu Dhabi),True,15.0
CMP00134,ORD005787,CUST01096,Damaged Package,2025-10-26 18:55:00,JLT (Dubai),False,44.0
CMP00135,ORD009078,CUST00576,Missing Items,2025-11-09 00:21:00,Deira (Dubai),True,37.0
CMP00136,ORD000106,CUST00519,Damaged Package,2025-12-30 06:44:00,Yas Island (Abu Dhabi),True,12.0
CMP00137,ORD003017,CUST02341,Cold Food,2025-12-03 02:59:00,Deira (Dubai),True,28.0
CMP00138,ORD011747,CUST04204,Cold Food,2025-12-08 11:12:00,JLT (Dubai),True,
CMP00139,ORD003240,CUST00759,Missing Items,2025-12-28 18:26:00,Al Nuaimiya (Ajman),True,1.0
CMP00140,ORD005668,CUST01210,Cold Food,2025-12-02 17:16:00,JBR (Dubai),True,12.0
CMP00141,ORD006369,CUST01718,Wrong Order,2025-10-04 13:56:00,Deira (Dubai),True,2.0
CMP00142,ORD012097,CUST03713,Damaged Package,2025-12-23 17:52:00,Al Rashidiya (Ajman),True,8.0
CMP00143,ORD007346,CUST04045,Wrong Order,2025-12-01 17:13:00,Corniche (Abu Dhabi),False,
CMP00144,ORD009077,CUST02931,Late Delivery,2025-11-27 06:52:00,Business Bay (Dubai),True,11.0
CMP00145,ORD009042,CUST00759,Rude Rider,2025-10-05 02:44:00,JLT (Dubai),False,11.0
CMP00146,ORD001434,CUST02541,Wrong Order,2025-12-14 23:58:00,Al Majaz (Sharjah),False,8.0
CMP00147,ORD005158,CUST01150,Damaged Package,2025-12-08 23:10:00,Al Nuaimiya (Ajman),False,44.0
CMP00148,ORD004934,CUST00013,Damaged Package,2025-12-31 08:48:00,Al Nuaimiya (Ajman),True,
CMP00149,ORD003482,CUST01221,Damaged Package,2025-12-31 01:41:00,Al Nuaimiya (Ajman),True,22.0
CMP00150,ORD002381,CUST02123,Damaged Package,2025-10-20 12:18:00,Al Reem (Abu Dhabi),True,21.0
CMP00151,ORD008779,CUST03928,Rude Rider,2025-12-13 12:11:00,Al Nuaimiya (Ajman),True,11.0
CMP00152,ORD004169,CUST01336,Rude Rider,2025-12-29 09:18:00,Al Nuaimiya (Ajman),True,3.0
CMP00153,ORD001579,CUST01829,Late Delivery,2025-10-31 17:14:00,Al Nuaimiya (Ajman),False,16.0
CMP00154,ORD000830,CUST02647,Damaged Package,2025-11-14 00:42:00,Deira (Dubai),False,14.0
CMP00155,ORD008700,CUST00632,Damaged Package,2025-11-04 21:09:00,Khalidiya (Abu Dhabi),False,10.0
CMP00156,ORD001311,CUST01780,Damaged Package,2025-12-18 09:21:00,Al Reem (Abu Dhabi),True,
CMP00157,ORD004797,CUST04634,Wrong Order,2025-12-21 12:54:00,Business Bay (Dubai),True,4.0
CMP00158,ORD001678,CUST01242,Late Delivery,2025-10-06 14:37:00,Yas Island (Abu Dhabi),False,
CMP00159,ORD011386,CUST01036,Missing Items,2025-11-26 02:08:00,Deira (Dubai),True,
CMP00160,ORD013096,CUST02638,Cold Food,2025-10-25 07:03:00,Deira (Dubai),True,41.0
CMP00161,ORD005346,CUST02140,Cold Food,2025-10-10 03:26:00,JBR (Dubai),True,
CMP00162,ORD006318,CUST02241,Late Delivery,2025-10-04 03:50:00,Business Bay (Dubai),True,18.0
CMP00163,ORD005832,CUST00578,Cold Food,2025-10-31 20:06:00,Yas Island (Abu Dhabi),True,34.0
CMP00164,ORD010904,CUST01103,Late Delivery,2025-11-25 12:37:00,JLT (Dubai),True,24.0
CMP00165,ORD012092,CUST03403,Damaged Package,2025-12-06 05:28:00,Al Nuaimiya (Ajman),True,44.0
CMP00166,ORD004304,CUST02500,Rude Rider,2025-12-27 23:48:00,JLT (Dubai),True,
CMP00167,ORD000488,CUST03299,Rude Rider,2025-12-22 22:27:00,Khalidiya (Abu Dhabi),True,
CMP00168,ORD008807,CUST01952,Rude Rider,2025-12-29 15:59:00,JLT (Dubai),True,9.0
CMP00169,ORD010332,CUST04684,Missing Items,2025-10-03 13:49:00,Al Rashidiya (Ajman),True,9.0
CMP00170,ORD000548,CUST00253,Late Delivery,2025-11-12 10:00:00,Corniche (Abu Dhabi),True,3.0
CMP00171,ORD014838,CUST01907,Damaged Package,2025-12-25 20:53:00,Al Rashidiya (Ajman),True,4.0
CMP00172,ORD006753,CUST03659,Wrong Order,2025-10-17 07:42:00,JBR (Dubai),True,
CMP00173,ORD006967,CUST04395,Wrong Order,2025-10-16 15:19:00,Downtown (Dubai),True,29.0
CMP00174,ORD014695,CUST03566,Missing Items,2025-10-17 06:35:00,Al Majaz (Sharjah),True,7.0
CMP00175,ORD012143,CUST02950,Damaged Package,2025-11-24 08:42:00,Deira (Dubai),True,44.0
CMP00176,ORD011785,CUST02455,Rude Rider,2025-10-25 19:53:00,Al Reem (Abu Dhabi),True,27.0
CMP00177,ORD005001,CUST01842,Rude Rider,2025-11-04 18:31:00,Al Nuaimiya (Ajman),False,
CMP00178,ORD001750,CUST02015,Missing Items,2025-12-14 01:39:00,Al Rashidiya (Ajman),False,
CMP00179,ORD008180,CUST02324,Damaged Package,2025-10-19 12:33:00,Al Reem (Abu Dhabi),True,8.0
CMP00180,ORD011027,CUST03484,Wrong Order,2025-12-08 06:31:00,Khalidiya (Abu Dhabi),True,35.0
CMP00181,ORD005684,CUST03634,Late Delivery,2025-10-04 01:09:00,Deira (Dubai),True,10.0
CMP00182,ORD003759,CUST01055,Late Delivery,2025-11-04 13:16:00,Al Majaz (Sharjah),False,
CMP00183,ORD008450,CUST00951,Missing Items,2025-11-09 15:21:00,Al Majaz (Sharjah),True,24.0
CMP00184,ORD000704,CUST01239,Damaged Package,2025-10-08 20:19:00,Al Majaz (Sharjah),False,27.0
CMP00185,ORD014063,CUST04495,Missing Items,2025-10-07 06:53:00,JLT (Dubai),False,3.0
CMP00186,ORD008832,CUST00679,Cold Food,2025-12-30 20:11:00,Khalidiya (Abu Dhabi),True,6.0
CMP00187,ORD000309,CUST04446,Damaged Package,2025-10-30 12:34:00,Al Rashidiya (Ajman),False,4.0
CMP00188,ORD011864,CUST02125,Damaged Package,2025-10-03 21:12:00,Al Rashidiya (Ajman),True,17.0
CMP00189,ORD005751,CUST02105,Rude Rider,2025-12-11 22:34:00,JBR (Dubai),True,26.0
CMP00190,ORD008842,CUST02530,Rude Rider,2025-12-28 20:07:00,Al Nuaimiya (Ajman),True,46.0
CMP00191,ORD007151,CUST02118,Damaged Package,2025-11-19 19:54:00,Al Rashidiya (Ajman),True,
CMP00192,ORD001473,CUST03207,Damaged Package,2025-11-23 06:13:00,Yas Island (Abu Dhabi),True,9.0
CMP00193,ORD013922,CUST00353,Missing Items,2025-12-09 18:32:00,Al Majaz (Sharjah),True,8.0
CMP00194,ORD005340,CUST04294,Wrong Order,2025-11-12 15:52:00,JLT (Dubai),False,27.0
CMP00195,ORD004371,CUST03887,Cold Food,2025-11-04 18:45:00,JLT (Dubai),False,42.0
CMP00196,ORD000771,CUST03133,Rude Rider,2025-12-30 04:04:00,Business Bay (Dubai),True,7.0
CMP00197,ORD005230,CUST01299,Damaged Package,2025-12-06 17:05:00,Business Bay (Dubai),False,3.0
CMP00198,ORD014038,CUST02801,Rude Rider,2025-12-26 03:36:00,Al Majaz (Sharjah),True,44.0
CMP00199,ORD011432,CUST03545,Late Delivery,2025-12-11 18:00:00,Al Rashidiya (Ajman),True,10.0
CMP00200,ORD008340,CUST01755,Cold Food,2025-12-08 06:06:00,Al Nuaimiya (Ajman),True,46.0
CMP00201,ORD004716,CUST02474,Rude Rider,2025-12-13 00:54:00,Corniche (Abu Dhabi),True,17.0
CMP00202,ORD005689,CUST03976,Cold Food,2025-12-26 03:22:00,Corniche (Abu Dhabi),True,9.0
CMP00203,ORD002309,CUST03923,Wrong Order,2025-10-12 23:17:00,Al Nuaimiya (Ajman),False,12.0
CMP00204,ORD014093,CUST00684,Rude Rider,2025-12-18 01:45:00,JLT (Dubai),True,15.0
CMP00205,ORD012932,CUST02554,Wrong Order,2025-11-08 22:22:00,Al Reem (Abu Dhabi),False,3.0
CMP00206,ORD012059,CUST03572,Cold Food,2025-10-17 05:27:00,Al Rashidiya (Ajman),True,24.0
CMP00207,ORD014791,CUST00549,Damaged Package,2025-10-10 20:51:00,Business Bay (Dubai),True,
CMP00208,ORD008169,CUST02789,Wrong Order,2025-11-01 23:59:00,Al Nahda (Sharjah),True,47.0
CMP00209,ORD009349,CUST00940,Rude Rider,2025-12-17 07:13:00,Al Reem (Abu Dhabi),True,22.0
CMP00210,ORD001318,CUST02852,Missing Items,2025-10-30 14:40:00,JBR (Dubai),True,18.0
CMP00211,ORD002735,CUST00446,Rude Rider,2025-11-02 14:23:00,JLT (Dubai),True,
CMP00212,ORD011544,CUST02718,Missing Items,2025-12-17 03:54:00,Deira (Dubai),True,18.0
CMP00213,ORD003802,CUST01273,Missing Items,2025-10-09 06:50:00,Al Qasimia (Sharjah),False,33.0
CMP00214,ORD009441,CUST01592,Late Delivery,2025-11-30 08:22:00,Al Majaz (Sharjah),True,9.0
CMP00215,ORD004921,CUST01368,Cold Food,2025-10-13 01:23:00,Al Nahda (Sharjah),True,35.0
CMP00216,ORD002166,CUST00263,Late Delivery,2025-12-24 20:43:00,Corniche (Abu Dhabi),True,40.0
CMP00217,ORD004165,CUST04800,Damaged Package,2025-12-08 20:16:00,Al Nuaimiya (Ajman),True,26.0
CMP00218,ORD012944,CUST02843,Cold Food,2025-10-15 10:00:00,Khalidiya (Abu Dhabi),True,37.0
CMP00219,ORD009618,CUST01874,Missing Items,2025-12-25 01:32:00,Al Majaz (Sharjah),True,8.0
CMP00220,ORD001815,CUST02363,Late Delivery,2025-11-23 02:44:00,Al Nahda (Sharjah),True,9.0
CMP00221,ORD000119,CUST03768,Wrong Order,2025-12-14 22:27:00,Yas Island (Abu Dhabi),False,8.0
CMP00222,ORD000397,CUST00469,Cold Food,2025-10-13 06:07:00,Downtown (Dubai),True,19.0
CMP00223,ORD012013,CUST03005,Rude Rider,2025-10-25 17:44:00,Al Nuaimiya (Ajman),False,38.0
CMP00224,ORD009996,CUST03236,Cold Food,2025-12-25 18:01:00,JLT (Dubai),False,
CMP00225,ORD002689,CUST01506,Late Delivery,2025-11-12 01:03:00,JLT (Dubai),True,20.0
CMP00226,ORD010706,CUST02127,Rude Rider,2025-10-25 22:31:00,Al Nuaimiya (Ajman),False,27.0
CMP00227,ORD004972,CUST04883,Rude Rider,2025-12-14 01:32:00,JLT (Dubai),False,
CMP00228,ORD014651,CUST01462,Late Delivery,2025-12-28 15:53:00,Al Nuaimiya (Ajman),True,47.0
CMP00229,ORD001151,CUST02868,Missing Items,2025-12-20 16:42:00,Marina (Dubai),False,11.0
CMP00230,ORD011642,CUST01428,Late Delivery,2025-12-15 12:49:00,Al Nuaimiya (Ajman),True,29.0
CMP00231,ORD003647,CUST02167,Damaged Package,2025-12-08 14:45:00,Deira (Dubai),True,
CMP00232,ORD002325,CUST00353,Rude Rider,2025-11-21 06:25:00,Yas Island (Abu Dhabi),True,28.0
CMP00233,ORD010952,CUST00549,Missing Items,2025-11-26 08:36:00,Al Nuaimiya (Ajman),True,42.0
CMP00234,ORD012755,CUST00559,Missing Items,2025-11-09 07:48:00,Deira (Dubai),True,42.0
CMP00235,ORD002926,CUST01288,Rude Rider,2025-11-05 17:38:00,Corniche (Abu Dhabi),False,45.0
CMP00236,ORD014906,CUST02125,Missing Items,2025-11-28 17:28:00,JBR (Dubai),False,10.0
CMP00237,ORD010243,CUST02345,Missing Items,2025-10-15 16:35:00,Deira (Dubai),True,
CMP00238,ORD012645,CUST04788,Missing Items,2025-11-23 09:39:00,JBR (Dubai),True,13.0
CMP00239,ORD004033,CUST01789,Late Delivery,2025-10-12 03:37:00,Al Rashidiya (Ajman),True,42.0
CMP00240,ORD001215,CUST03846,Rude Rider,2025-11-08 11:34:00,Marina (Dubai),True,29.0
CMP00241,ORD011238,CUST04663,Late Delivery,2025-10-19 08:13:00,Al Nuaimiya (Ajman),True,21.0
CMP00242,ORD013443,CUST04886,Damaged Package,2025-12-23 15:00:00,Al Nahda (Sharjah),True,
CMP00243,ORD010107,CUST00365,Cold Food,2025-12-01 10:34:00,Deira (Dubai),True,47.0
CMP00244,ORD007521,CUST00274,Late Delivery,2025-10-02 08:43:00,Corniche (Abu Dhabi),True,43.0
CMP00245,ORD013696,CUST01956,Late Delivery,2025-12-16 22:28:00,Al Nuaimiya (Ajman),True,15.0
CMP00246,ORD010540,CUST02950,Rude Rider,2025-11-06 12:02:00,Al Reem (Abu Dhabi),False,14.0
CMP00247,ORD004899,CUST04145,Damaged Package,2025-12-21 11:05:00,JLT (Dubai),False,32.0
CMP00248,ORD000468,CUST04290,Late Delivery,2025-11-24 19:54:00,Al Nuaimiya (Ajman),True,
CMP00249,ORD001681,CUST03265,Wrong Order,2025-10-11 16:01:00,Al Majaz (Sharjah),True,
CMP00250,ORD005276,CUST02381,Cold Food,2025-11-29 03:14:00,JLT (Dubai),False,
CMP00251,ORD012947,CUST02008,Cold Food,2025-10-11 16:37:00,Deira (Dubai),True,32.0
CMP00252,ORD008530,CUST00422,Wrong Order,2025-12-20 03:39:00,JLT (Dubai),True,40.0
CMP00253,ORD011903,CUST02210,Rude Rider,2025-10-21 05:27:00,Al Rashidiya (Ajman),True,10.0
CMP00254,ORD006207,CUST03865,Cold Food,2025-12-26 18:57:00,Corniche (Abu Dhabi),True,29.0
CMP00255,ORD000234,CUST02028,Rude Rider,2025-10-14 22:24:00,Downtown (Dubai),True,39.0
CMP00256,ORD007837,CUST04602,Cold Food,2025-11-22 15:10:00,Al Qasimia (Sharjah),True,31.0
CMP00257,ORD008865,CUST03589,Rude Rider,2025-11-08 12:23:00,Al Majaz (Sharjah),False,15.0
CMP00258,ORD010431,CUST03038,Cold Food,2025-10-07 10:12:00,Khalidiya (Abu Dhabi),True,6.0
CMP00259,ORD001940,CUST01522,Wrong Order,2025-11-08 10:23:00,Corniche (Abu Dhabi),False,6.0
CMP00260,ORD000449,CUST02706,Damaged Package,2025-11-08 18:49:00,Al Nuaimiya (Ajman),False,
CMP00261,ORD002116,CUST04555,Missing Items,2025-11-09 21:24:00,Yas Island (Abu Dhabi),True,8.0
CMP00262,ORD000506,CUST00918,Cold Food,2025-10-14 15:44:00,Al Nahda (Sharjah),False,
CMP00263,ORD008133,CUST03030,Late Delivery,2025-10-10 14:58:00,Khalidiya (Abu Dhabi),True,
CMP00264,ORD001742,CUST00536,Late Delivery,2025-10-15 07:04:00,Al Nuaimiya (Ajman),True,36.0
CMP00265,ORD010940,CUST04395,Damaged Package,2025-12-28 18:28:00,Al Nuaimiya (Ajman),True,12.0
CMP00266,ORD001226,CUST03104,Late Delivery,2025-12-08 18:20:00,Al Nuaimiya (Ajman),False,41.0
CMP00267,ORD003353,CUST04257,Rude Rider,2025-11-16 02:56:00,Corniche (Abu Dhabi),False,17.0
CMP00268,ORD014308,CUST00799,Missing Items,2025-11-20 07:33:00,Al Nuaimiya (Ajman),True,17.0
CMP00269,ORD008270,CUST04312,Cold Food,2025-12-07 13:55:00,Al Rashidiya (Ajman),True,14.0
CMP00270,ORD013122,CUST04860,Cold Food,2025-11-16 14:03:00,JBR (Dubai),True,
CMP00271,ORD006242,CUST04369,Damaged Package,2025-12-18 08:39:00,Downtown (Dubai),True,
CMP00272,ORD009268,CUST00309,Wrong Order,2025-12-10 17:58:00,Al Rashidiya (Ajman),True,
CMP00273,ORD004479,CUST01378,Rude Rider,2025-12-29 07:12:00,Al Nahda (Sharjah),False,46.0
CMP00274,ORD003758,CUST01617,Rude Rider,2025-12-08 05:52:00,Al Nahda (Sharjah),True,
CMP00275,ORD008259,CUST00194,Wrong Order,2025-11-16 16:06:00,Business Bay (Dubai),True,40.0
CMP00276,ORD001713,CUST03507,Cold Food,2025-12-24 07:45:00,Al Reem (Abu Dhabi),True,
CMP00277,ORD014411,CUST02806,Cold Food,2025-10-30 01:01:00,Al Qasimia (Sharjah),False,47.0
CMP00278,ORD007674,CUST00262,Cold Food,2025-10-31 04:54:00,Al Qasimia (Sharjah),True,35.0
CMP00279,ORD002324,CUST03484,Wrong Order,2025-10-10 15:12:00,JLT (Dubai),True,18.0
CMP00280,ORD000759,CUST02157,Cold Food,2025-12-13 00:01:00,Al Reem (Abu Dhabi),True,15.0
CMP00281,ORD010705,CUST01057,Wrong Order,2025-12-05 06:43:00,Deira (Dubai),False,21.0
CMP00282,ORD004037,CUST00523,Late Delivery,2025-12-21 00:04:00,JBR (Dubai),False,
CMP00283,ORD005446,CUST03549,Cold Food,2025-12-11 08:35:00,Business Bay (Dubai),True,
CMP00284,ORD012589,CUST01782,Rude Rider,2025-10-19 02:51:00,Khalidiya (Abu Dhabi),True,47.0
CMP00285,ORD005861,CUST04749,Rude Rider,2025-12-17 13:07:00,Al Qasimia (Sharjah),True,
CMP00286,ORD002067,CUST00184,Wrong Order,2025-11-18 17:52:00,Al Majaz (Sharjah),False,
CMP00287,ORD010536,CUST04521,Wrong Order,2025-11-30 02:18:00,Al Reem (Abu Dhabi),True,41.0
CMP00288,ORD009073,CUST01708,Late Delivery,2025-11-09 13:17:00,Deira (Dubai),True,47.0
CMP00289,ORD002676,CUST02856,Late Delivery,2025-12-06 10:23:00,Khalidiya (Abu Dhabi),True,44.0
CMP00290,ORD000392,CUST02811,Wrong Order,2025-12-02 02:43:00,JBR (Dubai),True,
CMP00291,ORD006211,CUST00706,Late Delivery,2025-11-26 18:38:00,JBR (Dubai),True,14.0
CMP00292,ORD013140,CUST04480,Wrong Order,2025-10-21 07:12:00,JBR (Dubai),True,12.0
CMP00293,ORD000414,CUST00262,Missing Items,2025-10-17 14:52:00,JBR (Dubai),False,2.0
CMP00294,ORD007584,CUST04094,Cold Food,2025-10-20 05:29:00,JLT (Dubai),True,
CMP00295,ORD012953,CUST00352,Late Delivery,2025-10-13 20:42:00,Yas Island (Abu Dhabi),True,7.0
CMP00296,ORD006885,CUST03566,Rude Rider,2025-10-11 19:51:00,Al Nuaimiya (Ajman),True,
CMP00297,ORD010511,CUST01441,Cold Food,2025-12-18 21:36:00,Deira (Dubai),True,28.0
CMP00298,ORD014771,CUST04405,Missing Items,2025-12-10 08:02:00,JBR (Dubai),True,30.0
CMP00299,ORD001125,CUST03997,Late Delivery,2025-10-06 02:40:00,Business Bay (Dubai),True,14.0
CMP00300,ORD009559,CUST03284,Cold Food,2025-11-05 02:53:00,Corniche (Abu Dhabi),True,15.0
CMP00301,ORD005110,CUST00829,Damaged Package,2025-10-07 11:39:00,Al Nuaimiya (Ajman),False,
CMP00302,ORD002044,CUST00749,Rude Rider,2025-12-07 11:21:00,Yas Island (Abu Dhabi),True,30.0
CMP00303,ORD001009,CUST03097,Rude Rider,2025-12-06 05:43:00,Downtown (Dubai),True,40.0
CMP00304,ORD013836,CUST04546,Rude Rider,2025-12-03 12:49:00,Marina (Dubai),True,41.0
CMP00305,ORD010183,CUST03854,Rude Rider,2025-10-15 16:05:00,Marina (Dubai),True,45.0
CMP00306,ORD006352,CUST00026,Wrong Order,2025-10-18 10:31:00,Deira (Dubai),True,41.0
CMP00307,ORD005999,CUST01267,Wrong Order,2025-10-26 19:47:00,Business Bay (Dubai),True,
CMP00308,ORD005563,CUST00464,Rude Rider,2025-10-28 09:21:00,Al Majaz (Sharjah),True,22.0
CMP00309,ORD008528,CUST01389,Cold Food,2025-10-20 04:43:00,JBR (Dubai),True,
CMP00310,ORD013009,CUST02862,Damaged Package,2025-11-14 18:19:00,Business Bay (Dubai),True,23.0
CMP00311,ORD001698,CUST01749,Missing Items,2025-11-18 03:13:00,Marina (Dubai),True,41.0
CMP00312,ORD000519,CUST00539,Wrong Order,2025-12-22 17:49:00,Khalidiya (Abu Dhabi),True,1.0
CMP00313,ORD004661,CUST02785,Missing Items,2025-12-07 23:49:00,JLT (Dubai),False,20.0
CMP00314,ORD011332,CUST03150,Damaged Package,2025-12-06 05:27:00,Al Reem (Abu Dhabi),True,26.0
CMP00315,ORD001547,CUST02783,Damaged Package,2025-11-03 23:55:00,Al Majaz (Sharjah),True,20.0
CMP00316,ORD013621,CUST03000,Missing Items,2025-10-29 22:28:00,Al Nuaimiya (Ajman),False,23.0
CMP00317,ORD001904,CUST03191,Rude Rider,2025-10-25 06:58:00,Al Majaz (Sharjah),False,22.0
CMP00318,ORD007305,CUST04560,Late Delivery,2025-10-31 21:02:00,Corniche (Abu Dhabi),True,45.0
CMP00319,ORD003608,CUST01229,Missing Items,2025-10-28 19:29:00,Business Bay (Dubai),True,25.0
CMP00320,ORD000500,CUST03129,Damaged Package,2025-10-15 06:59:00,Al Majaz (Sharjah),True,
CMP00321,ORD003498,CUST02758,Missing Items,2025-11-10 02:04:00,Al Majaz (Sharjah),True,37.0
CMP00322,ORD002433,CUST00986,Wrong Order,2025-12-28 14:08:00,Downtown (Dubai),True,15.0
CMP00323,ORD007669,CUST01585,Cold Food,2025-11-17 06:30:00,Al Nuaimiya (Ajman),True,30.0
CMP00324,ORD008941,CUST00750,Late Delivery,2025-10-21 08:46:00,Deira (Dubai),True,11.0
CMP00325,ORD005193,CUST00102,Cold Food,2025-11-21 10:10:00,Corniche (Abu Dhabi),True,28.0
CMP00326,ORD011972,CUST03993,Cold Food,2025-11-15 23:41:00,Business Bay (Dubai),False,40.0
CMP00327,ORD009887,CUST02154,Damaged Package,2025-11-21 05:16:00,JBR (Dubai),True,37.0
CMP00328,ORD000737,CUST03109,Damaged Package,2025-12-31 03:29:00,Business Bay (Dubai),True,27.0
CMP00329,ORD006992,CUST00775,Missing Items,2025-12-26 17:09:00,Al Nahda (Sharjah),True,17.0
CMP00330,ORD000562,CUST04990,Rude Rider,2025-10-11 22:53:00,Downtown (Dubai),True,5.0
CMP00331,ORD010297,CUST04510,Damaged Package,2025-11-24 00:06:00,JLT (Dubai),True,39.0
CMP00332,ORD006298,CUST00650,Cold Food,2025-12-06 09:52:00,Marina (Dubai),False,
CMP00333,ORD005902,CUST02914,Wrong Order,2025-10-20 18:54:00,JBR (Dubai),True,15.0
CMP00334,ORD006329,CUST04176,Wrong Order,2025-11-18 12:36:00,Al Nahda (Sharjah),False,34.0
CMP00335,ORD001369,CUST02496,Rude Rider,2025-12-17 17:27:00,Al Nahda (Sharjah),True,
CMP00336,ORD008640,CUST03425,Late Delivery,2025-11-28 01:46:00,Khalidiya (Abu Dhabi),True,9.0
CMP00337,ORD008085,CUST01124,Rude Rider,2025-11-07 10:03:00,Al Qasimia (Sharjah),True,37.0
CMP00338,ORD007657,CUST03652,Damaged Package,2025-10-22 12:48:00,Al Qasimia (Sharjah),True,38.0
CMP00339,ORD006373,CUST03974,Late Delivery,2025-11-29 01:27:00,JLT (Dubai),True,
CMP00340,ORD001176,CUST02610,Damaged Package,2025-12-24 22:01:00,Business Bay (Dubai),True,
CMP00341,ORD007658,CUST00045,Late Delivery,2025-10-07 01:20:00,Al Reem (Abu Dhabi),False,31.0
CMP00342,ORD014414,CUST01816,Wrong Order,2025-12-25 07:21:00,Yas Island (Abu Dhabi),False,13.0
CMP00343,ORD011917,CUST02215,Rude Rider,2025-11-14 23:36:00,JLT (Dubai),True,22.0
CMP00344,ORD000046,CUST02973,Damaged Package,2025-10-10 09:10:00,Yas Island (Abu Dhabi),True,3.0
CMP00345,ORD013164,CUST03898,Late Delivery,2025-10-18 05:39:00,Corniche (Abu Dhabi),True,28.0
CMP00346,ORD006643,CUST02141,Missing Items,2025-10-21 18:40:00,Corniche (Abu Dhabi),False,
CMP00347,ORD005454,CUST04523,Cold Food,2025-11-12 09:14:00,Marina (Dubai),True,10.0
CMP00348,ORD009446,CUST01968,Wrong Order,2025-12-02 11:15:00,JBR (Dubai),True,14.0
CMP00349,ORD004131,CUST01206,Missing Items,2025-11-19 12:03:00,Al Nuaimiya (Ajman),True,23.0
CMP00350,ORD014896,CUST03704,Rude Rider,2025-11-08 11:46:00,JLT (Dubai),True,
CMP00351,ORD003993,CUST01673,Wrong Order,2025-11-04 15:15:00,Al Majaz (Sharjah),True,1.0
CMP00352,ORD001167,CUST02013,Missing Items,2025-11-26 05:03:00,Al Nahda (Sharjah),False,
CMP00353,ORD008684,CUST02530,Damaged Package,2025-12-06 09:55:00,Corniche (Abu Dhabi),True,
CMP00354,ORD006492,CUST01448,Wrong Order,2025-11-30 11:26:00,JLT (Dubai),True,
CMP00355,ORD005971,CUST01917,Wrong Order,2025-10-07 09:17:00,Al Nahda (Sharjah),True,
CMP00356,ORD006825,CUST04068,Cold Food,2025-10-25 21:06:00,Al Nuaimiya (Ajman),False,4.0
CMP00357,ORD014420,CUST03396,Wrong Order,2025-12-09 19:44:00,Al Nuaimiya (Ajman),False,
CMP00358,ORD000702,CUST01742,Cold Food,2025-11-05 09:42:00,Khalidiya (Abu Dhabi),False,3.0
CMP00359,ORD007186,CUST03532,Cold Food,2025-10-06 17:50:00,Al Nuaimiya (Ajman),True,17.0
CMP00360,ORD010190,CUST02738,Cold Food,2025-11-01 13:49:00,Marina (Dubai),True,
CMP00361,ORD013200,CUST02211,Rude Rider,2025-10-28 04:32:00,JBR (Dubai),True,33.0
CMP00362,ORD014694,CUST02021,Rude Rider,2025-11-07 13:31:00,Deira (Dubai),True,35.0
CMP00363,ORD012685,CUST02926,Late Delivery,2025-11-03 20:07:00,Khalidiya (Abu Dhabi),True,42.0
CMP00364,ORD008344,CUST03392,Rude Rider,2025-11-25 03:38:00,JLT (Dubai),True,
CMP00365,ORD004156,CUST00615,Missing Items,2025-10-08 20:41:00,Al Nuaimiya (Ajman),False,10.0
CMP00366,ORD003495,CUST00938,Late Delivery,2025-10-24 16:18:00,Khalidiya (Abu Dhabi),True,29.0
CMP00367,ORD007698,CUST04173,Late Delivery,2025-12-17 01:28:00,Corniche (Abu Dhabi),True,
CMP00368,ORD002656,CUST03741,Wrong Order,2025-12-25 21:44:00,Al Reem (Abu Dhabi),True,10.0
CMP00369,ORD004358,CUST00807,Damaged Package,2025-10-07 06:00:00,Al Rashidiya (Ajman),False,4.0
CMP00370,ORD011657,CUST02799,Cold Food,2025-11-26 17:10:00,Al Nahda (Sharjah),False,18.0
CMP00371,ORD014765,CUST01617,Missing Items,2025-12-23 18:42:00,Al Nuaimiya (Ajman),True,22.0
CMP00372,ORD003730,CUST01404,Cold Food,2025-12-09 09:50:00,Al Nahda (Sharjah),True,
CMP00373,ORD013307,CUST02498,Damaged Package,2025-10-11 01:21:00,Corniche (Abu Dhabi),False,
CMP00374,ORD005515,CUST03206,Cold Food,2025-10-31 11:52:00,Al Rashidiya (Ajman),True,7.0
CMP00375,ORD001238,CUST03233,Cold Food,2025-11-19 19:22:00,Al Qasimia (Sharjah),False,
CMP00376,ORD012363,CUST04597,Cold Food,2025-10-24 21:18:00,Yas Island (Abu Dhabi),True,5.0
CMP00377,ORD012424,CUST04882,Rude Rider,2025-10-23 17:43:00,JBR (Dubai),True,30.0
CMP00378,ORD003659,CUST00775,Late Delivery,2025-11-01 09:58:00,Al Majaz (Sharjah),True,31.0
CMP00379,ORD008913,CUST02871,Damaged Package,2025-10-12 01:48:00,JLT (Dubai),True,16.0
CMP00380,ORD011077,CUST01312,Late Delivery,2025-10-16 17:28:00,Al Nuaimiya (Ajman),True,14.0
CMP00381,ORD005641,CUST02827,Late Delivery,2025-12-19 17:11:00,Yas Island (Abu Dhabi),False,
CMP00382,ORD002716,CUST04765,Rude Rider,2025-10-17 00:24:00,Deira (Dubai),True,32.0
CMP00383,ORD010526,CUST00644,Cold Food,2025-12-10 18:23:00,Corniche (Abu Dhabi),True,9.0
CMP00384,ORD006041,CUST02839,Cold Food,2025-10-21 12:32:00,Khalidiya (Abu Dhabi),True,38.0
CMP00385,ORD001813,CUST00070,Late Delivery,2025-10-15 13:04:00,Al Nahda (Sharjah),True,11.0
CMP00386,ORD002070,CUST00923,Cold Food,2025-12-15 12:22:00,Yas Island (Abu Dhabi),True,4.0
CMP00387,ORD003485,CUST03574,Rude Rider,2025-12-10 05:38:00,Corniche (Abu Dhabi),True,43.0
CMP00388,ORD005040,CUST00497,Missing Items,2025-10-30 13:09:00,Downtown (Dubai),True,31.0
CMP00389,ORD008874,CUST04422,Rude Rider,2025-10-10 09:07:00,Al Nahda (Sharjah),True,17.0
CMP00390,ORD009927,CUST04678,Late Delivery,2025-12-06 12:11:00,Al Nuaimiya (Ajman),True,12.0
CMP00391,ORD013223,CUST04149,Late Delivery,2025-11-06 07:44:00,Al Majaz (Sharjah),True,15.0
CMP00392,ORD012375,CUST01332,Missing Items,2025-11-23 00:21:00,Al Reem (Abu Dhabi),True,41.0
CMP00393,ORD003247,CUST01081,Wrong Order,2025-11-17 02:00:00,Al Nuaimiya (Ajman),True,12.0
CMP00394,ORD011081,CUST02766,Wrong Order,2025-10-18 03:45:00,JBR (Dubai),True,38.0
CMP00395,ORD002142,CUST00655,Wrong Order,2025-10-04 08:52:00,Khalidiya (Abu Dhabi),True,19.0
CMP00396,ORD003555,CUST02000,Wrong Order,2025-11-03 08:59:00,JLT (Dubai),False,10.0
CMP00397,ORD012924,CUST03283,Missing Items,2025-10-07 05:27:00,JLT (Dubai),True,
CMP00398,ORD011091,CUST01385,Late Delivery,2025-12-28 07:07:00,Al Rashidiya (Ajman),False,
CMP00399,ORD008819,CUST03245,Late Delivery,2025-10-28 11:59:00,Al Qasimia (Sharjah),False,
CMP00400,ORD011207,CUST04680,Damaged Package,2025-10-26 12:34:00,Al Qasimia (Sharjah),True,45.0
CMP00401,ORD013693,CUST03407,Missing Items,2025-11-15 05:09:00,Marina (Dubai),False,4.0
CMP00402,ORD012757,CUST03595,Late Delivery,2025-10-12 21:16:00,Al Majaz (Sharjah),True,
CMP00403,ORD012641,CUST01371,Wrong Order,2025-10-28 02:42:00,Al Majaz (Sharjah),True,15.0
CMP00404,ORD002326,CUST00987,Cold Food,2025-11-25 14:13:00,Al Majaz (Sharjah),True,40.0
CMP00405,ORD007111,CUST00532,Wrong Order,2025-10-20 08:35:00,Al Majaz (Sharjah),True,
CMP00406,ORD008674,CUST01416,Rude Rider,2025-12-28 06:15:00,Al Reem (Abu Dhabi),False,32.0
CMP00407,ORD002923,CUST00896,Cold Food,2025-11-27 17:44:00,Deira (Dubai),True,25.0
CMP00408,ORD005359,CUST00499,Wrong Order,2025-10-15 13:27:00,Al Majaz (Sharjah),True,12.0
CMP00409,ORD000321,CUST01390,Late Delivery,2025-10-03 04:33:00,JBR (Dubai),True,10.0
CMP00410,ORD012699,CUST03180,Missing Items,2025-10-27 11:30:00,Khalidiya (Abu Dhabi),True,44.0
CMP00411,ORD002970,CUST04474,Damaged Package,2025-12-29 20:21:00,Deira (Dubai),False,13.0
CMP00412,ORD011682,CUST03096,Rude Rider,2025-11-04 20:41:00,JLT (Dubai),True,13.0
CMP00413,ORD011115,CUST04115,Wrong Order,2025-10-19 02:19:00,Al Qasimia (Sharjah),True,2.0
CMP00414,ORD010776,CUST03207,Damaged Package,2025-10-19 05:57:00,Deira (Dubai),False,39.0
CMP00415,ORD011276,CUST00850,Wrong Order,2025-10-05 15:58:00,Downtown (Dubai),True,11.0
CMP00416,ORD009890,CUST04607,Wrong Order,2025-12-22 19:18:00,Al Rashidiya (Ajman),True,33.0
CMP00417,ORD000083,CUST04176,Wrong Order,2025-11-01 19:35:00,JLT (Dubai),True,21.0
CMP00418,ORD009449,CUST02702,Rude Rider,2025-12-12 06:42:00,Deira (Dubai),True,45.0
CMP00419,ORD009279,CUST03972,Missing Items,2025-10-02 21:45:00,JLT (Dubai),True,11.0
CMP00420,ORD013049,CUST00163,Rude Rider,2025-12-25 05:33:00,JBR (Dubai),True,
CMP00421,ORD008449,CUST04146,Missing Items,2025-11-11 14:19:00,Al Majaz (Sharjah),False,11.0
CMP00422,ORD013265,CUST02726,Wrong Order,2025-11-23 17:19:00,Al Reem (Abu Dhabi),True,
CMP00423,ORD006687,CUST00299,Missing Items,2025-12-12 23:39:00,Corniche (Abu Dhabi),True,
CMP00424,ORD007668,CUST03772,Cold Food,2025-12-12 07:30:00,Downtown (Dubai),True,47.0
CMP00425,ORD014156,CUST01318,Cold Food,2025-12-23 00:23:00,Corniche (Abu Dhabi),True,
CMP00426,ORD003449,CUST00556,Missing Items,2025-12-26 23:46:00,JLT (Dubai),True,
CMP00427,ORD004284,CUST00447,Wrong Order,2025-10-07 02:40:00,Al Rashidiya (Ajman),False,26.0
CMP00428,ORD008885,CUST01243,Missing Items,2025-11-25 19:28:00,Al Nahda (Sharjah),True,10.0
CMP00429,ORD001715,CUST04285,Missing Items,2025-11-13 08:29:00,Al Majaz (Sharjah),True,19.0
CMP00430,ORD002577,CUST02872,Cold Food,2025-10-21 10:00:00,JBR (Dubai),True,22.0
CMP00431,ORD001440,CUST02624,Wrong Order,2025-10-04 06:57:00,Downtown (Dubai),True,
CMP00432,ORD010145,CUST03467,Damaged Package,2025-10-29 16:27:00,Al Nuaimiya (Ajman),True,
CMP00433,ORD000563,CUST01306,Late Delivery,2025-11-23 15:23:00,Al Majaz (Sharjah),True,3.0
CMP00434,ORD009701,CUST04973,Wrong Order,2025-10-24 12:31:00,JLT (Dubai),True,15.0
CMP00435,ORD004094,CUST03482,Cold Food,2025-10-03 22:22:00,JLT (Dubai),True,12.0
CMP00436,ORD009807,CUST01430,Late Delivery,2025-11-17 19:23:00,Al Reem (Abu Dhabi),False,
CMP00437,ORD002677,CUST03723,Wrong Order,2025-11-01 21:59:00,JLT (Dubai),True,8.0
CMP00438,ORD002630,CUST03730,Wrong Order,2025-10-31 14:06:00,Al Rashidiya (Ajman),True,35.0
CMP00439,ORD008870,CUST02263,Damaged Package,2025-12-28 20:49:00,Khalidiya (Abu Dhabi),True,1.0
CMP00440,ORD007673,CUST02882,Damaged Package,2025-10-23 11:51:00,JLT (Dubai),True,36.0
CMP00441,ORD009902,CUST00799,Late Delivery,2025-11-25 07:05:00,Al Rashidiya (Ajman),True,9.0
CMP00442,ORD002549,CUST04137,Late Delivery,2025-12-16 06:46:00,JLT (Dubai),True,37.0
CMP00443,ORD004320,CUST03598,Missing Items,2025-10-16 09:22:00,JLT (Dubai),True,16.0
CMP00444,ORD009498,CUST02193,Damaged Package,2025-10-21 01:00:00,Yas Island (Abu Dhabi),True,25.0
CMP00445,ORD003939,CUST01913,Missing Items,2025-10-27 07:14:00,Corniche (Abu Dhabi),True,48.0
CMP00446,ORD004793,CUST00077,Rude Rider,2025-10-04 01:40:00,Business Bay (Dubai),True,9.0
CMP00447,ORD014496,CUST01197,Wrong Order,2025-12-16 23:25:00,Deira (Dubai),True,
CMP00448,ORD000581,CUST00213,Rude Rider,2025-12-25 18:04:00,Downtown (Dubai),False,12.0
CMP00449,ORD001543,CUST04841,Cold Food,2025-11-10 20:30:00,Al Nuaimiya (Ajman),True,5.0
CMP00450,ORD000100,CUST00213,Wrong Order,2025-12-10 21:30:00,Marina (Dubai),True,14.0
CMP00451,ORD010873,CUST03238,Wrong Order,2025-12-28 23:12:00,Deira (Dubai),True,37.0
CMP00452,ORD007084,CUST01057,Late Delivery,2025-12-25 21:29:00,Khalidiya (Abu Dhabi),True,29.0
CMP00453,ORD005593,CUST02021,Missing Items,2025-11-15 23:23:00,Al Rashidiya (Ajman),True,40.0
CMP00454,ORD005184,CUST01853,Damaged Package,2025-11-02 16:45:00,Yas Island (Abu Dhabi),True,
CMP00455,ORD012876,CUST02863,Damaged Package,2025-10-07 12:41:00,Al Rashidiya (Ajman),True,
CMP00456,ORD011929,CUST00323,Late Delivery,2025-12-31 05:43:00,Khalidiya (Abu Dhabi),True,28.0
CMP00457,ORD001801,CUST00285,Late Delivery,2025-12-04 06:12:00,Yas Island (Abu Dhabi),True,46.0
CMP00458,ORD001146,CUST00835,Late Delivery,2025-11-08 21:36:00,Yas Island (Abu Dhabi),True,48.0
CMP00459,ORD001000,CUST00744,Damaged Package,2025-10-19 23:04:00,Corniche (Abu Dhabi),True,13.0
CMP00460,ORD004402,CUST01449,Late Delivery,2025-12-22 18:50:00,Corniche (Abu Dhabi),True,
CMP00461,ORD004747,CUST03941,Wrong Order,2025-10-03 17:25:00,Khalidiya (Abu Dhabi),True,16.0
CMP00462,ORD000403,CUST04788,Rude Rider,2025-12-28 10:09:00,JLT (Dubai),True,45.0
CMP00463,ORD002535,CUST04192,Missing Items,2025-11-23 16:28:00,Al Reem (Abu Dhabi),False,43.0
CMP00464,ORD013281,CUST04760,Damaged Package,2025-10-21 04:03:00,Khalidiya (Abu Dhabi),True,35.0
CMP00465,ORD005006,CUST04325,Missing Items,2025-10-18 11:32:00,Marina (Dubai),True,28.0
CMP00466,ORD007728,CUST04128,Cold Food,2025-12-19 15:57:00,Al Majaz (Sharjah),True,14.0
CMP00467,ORD004965,CUST02440,Damaged Package,2025-10-14 02:14:00,Marina (Dubai),False,14.0
CMP00468,ORD001172,CUST03094,Missing Items,2025-10-15 03:46:00,JLT (Dubai),True,33.0
CMP00469,ORD008560,CUST02539,Rude Rider,2025-11-22 00:08:00,Al Qasimia (Sharjah),True,35.0
CMP00470,ORD007500,CUST04191,Cold Food,2025-12-12 01:03:00,Khalidiya (Abu Dhabi),True,
CMP00471,ORD012593,CUST01140,Damaged Package,2025-12-24 08:38:00,Yas Island (Abu Dhabi),True,1.0
CMP00472,ORD004621,CUST02179,Cold Food,2025-12-27 15:15:00,Al Qasimia (Sharjah),True,11.0
CMP00473,ORD000814,CUST01386,Cold Food,2025-10-10 01:14:00,Al Majaz (Sharjah),True,
CMP00474,ORD000694,CUST02937,Damaged Package,2025-10-08 07:38:00,Al Nuaimiya (Ajman),False,15.0
CMP00475,ORD004647,CUST03893,Cold Food,2025-12-18 21:14:00,Al Reem (Abu Dhabi),True,5.0
CMP00476,ORD012153,CUST04989,Missing Items,2025-11-24 03:27:00,Corniche (Abu Dhabi),True,48.0
CMP00477,ORD012811,CUST04405,Late Delivery,2025-11-14 16:17:00,Deira (Dubai),True,32.0
CMP00478,ORD007704,CUST03577,Late Delivery,2025-10-08 06:39:00,Deira (Dubai),True,41.0
CMP00479,ORD010333,CUST02899,Wrong Order,2025-10-31 12:21:00,Al Majaz (Sharjah),False,
CMP00480,ORD007044,CUST02233,Damaged Package,2025-11-20 15:59:00,Al Reem (Abu Dhabi),True,18.0
CMP00481,ORD014161,CUST03186,Late Delivery,2025-11-29 22:41:00,Deira (Dubai),True,29.0
CMP00482,ORD009451,CUST04442,Late Delivery,2025-10-10 12:22:00,Al Nuaimiya (Ajman),True,8.0
CMP00483,ORD005377,CUST00895,Damaged Package,2025-12-12 22:58:00,Yas Island (Abu Dhabi),True,42.0
CMP00484,ORD004742,CUST00179,Damaged Package,2025-12-28 01:00:00,Al Nuaimiya (Ajman),True,32.0
CMP00485,ORD008467,CUST02626,Rude Rider,2025-11-11 04:28:00,Al Qasimia (Sharjah),True,47.0
CMP00486,ORD006946,CUST04118,Rude Rider,2025-10-04 17:42:00,JLT (Dubai),True,26.0
CMP00487,ORD002891,CUST00749,Missing Items,2025-12-05 05:31:00,JLT (Dubai),False,23.0
CMP00488,ORD004607,CUST04053,Late Delivery,2025-12-22 10:45:00,Yas Island (Abu Dhabi),True,20.0
CMP00489,ORD002441,CUST03166,Damaged Package,2025-10-14 16:18:00,Al Nahda (Sharjah),True,11.0
CMP00490,ORD000079,CUST02399,Wrong Order,2025-11-02 23:31:00,Al Reem (Abu Dhabi),True,28.0
CMP00491,ORD009404,CUST03923,Rude Rider,2025-10-17 17:13:00,Khalidiya (Abu Dhabi),True,20.0
CMP00492,ORD012489,CUST04250,Damaged Package,2025-10-21 19:34:00,JBR (Dubai),False,
CMP00493,ORD011211,CUST04841,Rude Rider,2025-10-04 05:25:00,Al Qasimia (Sharjah),True,27.0
CMP00494,ORD013391,CUST00815,Damaged Package,2025-12-20 17:09:00,JLT (Dubai),False,29.0
CMP00495,ORD011240,CUST03650,Damaged Package,2025-12-21 13:11:00,Downtown (Dubai),True,
CMP00496,ORD008585,CUST01453,Damaged Package,2025-10-22 21:51:00,Deira (Dubai),False,44.0
CMP00497,ORD010767,CUST03129,Missing Items,2025-12-28 16:22:00,Khalidiya (Abu Dhabi),True,40.0
CMP00498,ORD014421,CUST04626,Wrong Order,2025-10-19 15:43:00,Corniche (Abu Dhabi),True,
CMP00499,ORD006783,CUST03539,Cold Food,2025-12-22 02:31:00,Corniche (Abu Dhabi),False,20.0
CMP00500,ORD000866,CUST02185,Missing Items,2025-12-13 12:41:00,Al Nuaimiya (Ajman),True,30.0
CMP00501,ORD006479,CUST01551,Rude Rider,2025-11-30 06:06:00,JLT (Dubai),True,38.0
CMP00502,ORD006363,CUST03772,Damaged Package,2025-12-08 13:22:00,Al Nuaimiya (Ajman),True,38.0
CMP00503,ORD006670,CUST00116,Late Delivery,2025-10-31 13:33:00,Marina (Dubai),True,39.0
CMP00504,ORD004043,CUST04883,Rude Rider,2025-10-26 18:53:00,Al Nuaimiya (Ajman),True,1.0
CMP00505,ORD004317,CUST04017,Cold Food,2025-12-19 22:49:00,Al Rashidiya (Ajman),True,3.0
CMP00506,ORD005877,CUST02212,Missing Items,2025-11-12 10:00:00,Downtown (Dubai),True,26.0
CMP00507,ORD011725,CUST03650,Wrong Order,2025-12-18 06:06:00,Corniche (Abu Dhabi),True,2.0
CMP00508,ORD008830,CUST02315,Cold Food,2025-10-20 12:58:00,Al Nuaimiya (Ajman),True,23.0
CMP00509,ORD000464,CUST01560,Late Delivery,2025-12-28 13:08:00,JBR (Dubai),False,
CMP00510,ORD013797,CUST03439,Damaged Package,2025-10-09 08:07:00,Al Qasimia (Sharjah),True,3.0
CMP00511,ORD005788,CUST00051,Missing Items,2025-12-15 23:36:00,Al Nuaimiya (Ajman),True,36.0
CMP00512,ORD003749,CUST00592,Damaged Package,2025-12-13 22:53:00,Marina (Dubai),True,48.0
CMP00513,ORD005501,CUST00198,Damaged Package,2025-10-31 01:38:00,Al Reem (Abu Dhabi),True,16.0
CMP00514,ORD009472,CUST04969,Cold Food,2025-10-31 19:32:00,Al Nuaimiya (Ajman),False,24.0
CMP00515,ORD012940,CUST04405,Late Delivery,2025-12-01 11:44:00,JLT (Dubai),True,
CMP00516,ORD002505,CUST02766,Rude Rider,2025-10-07 18:26:00,Corniche (Abu Dhabi),True,7.0
CMP00517,ORD006233,CUST00532,Damaged Package,2025-12-04 16:05:00,Al Nahda (Sharjah),True,
CMP00518,ORD009735,CUST02692,Missing Items,2025-12-08 08:36:00,Al Majaz (Sharjah),True,37.0
CMP00519,ORD006061,CUST03751,Missing Items,2025-11-02 07:22:00,Al Nuaimiya (Ajman),False,19.0
CMP00520,ORD007123,CUST02942,Missing Items,2025-12-24 00:33:00,Al Nahda (Sharjah),True,31.0
CMP00521,ORD003772,CUST01306,Late Delivery,2025-10-07 19:34:00,Al Reem (Abu Dhabi),True,11.0
CMP00522,ORD008214,CUST04636,Rude Rider,2025-10-23 03:25:00,Al Nuaimiya (Ajman),False,
CMP00523,ORD005912,CUST03238,Cold Food,2025-10-31 00:19:00,Al Reem (Abu Dhabi),True,8.0
CMP00524,ORD007932,CUST04068,Cold Food,2025-11-29 15:21:00,Yas Island (Abu Dhabi),True,17.0
CMP00525,ORD003968,CUST03653,Damaged Package,2025-11-19 16:11:00,Marina (Dubai),True,
CMP00526,ORD011851,CUST04489,Wrong Order,2025-10-21 13:21:00,Business Bay (Dubai),True,36.0
CMP00527,ORD011635,CUST01947,Wrong Order,2025-10-17 07:57:00,Al Rashidiya (Ajman),True,25.0
CMP00528,ORD012580,CUST03630,Cold Food,2025-10-25 04:15:00,Al Nuaimiya (Ajman),True,40.0
CMP00529,ORD007194,CUST02914,Missing Items,2025-12-22 12:49:00,Khalidiya (Abu Dhabi),False,
CMP00530,ORD005619,CUST00669,Cold Food,2025-11-30 10:35:00,Business Bay (Dubai),True,8.0
CMP00531,ORD013713,CUST04841,Late Delivery,2025-11-07 11:56:00,Al Reem (Abu Dhabi),True,
CMP00532,ORD011309,CUST01819,Rude Rider,2025-12-15 18:48:00,JLT (Dubai),True,2.0
CMP00533,ORD004769,CUST04937,Missing Items,2025-11-03 02:54:00,Al Reem (Abu Dhabi),True,20.0
CMP00534,ORD000146,CUST04405,Wrong Order,2025-12-28 03:19:00,Corniche (Abu Dhabi),True,39.0
CMP00535,ORD005019,CUST00500,Damaged Package,2025-10-06 20:25:00,Deira (Dubai),True,
CMP00536,ORD007134,CUST00537,Damaged Package,2025-12-09 21:27:00,Al Nuaimiya (Ajman),True,
CMP00537,ORD013062,CUST04463,Cold Food,2025-12-10 23:54:00,Al Majaz (Sharjah),True,14.0
CMP00538,ORD011788,CUST03028,Cold Food,2025-11-06 02:12:00,Downtown (Dubai),True,39.0
CMP00539,ORD008111,CUST01105,Late Delivery,2025-11-05 21:14:00,Al Reem (Abu Dhabi),True,43.0
CMP00540,ORD014681,CUST04222,Late Delivery,2025-10-25 18:44:00,Al Nuaimiya (Ajman),False,
CMP00541,ORD007549,CUST03189,Missing Items,2025-11-18 13:35:00,Yas Island (Abu Dhabi),True,10.0
CMP00542,ORD007145,CUST02345,Missing Items,2025-12-06 09:44:00,Al Reem (Abu Dhabi),True,18.0
CMP00543,ORD007801,CUST02782,Rude Rider,2025-12-26 20:50:00,Al Nuaimiya (Ajman),True,
CMP00544,ORD012368,CUST04968,Damaged Package,2025-10-03 17:47:00,Yas Island (Abu Dhabi),True,36.0
CMP00545,ORD006684,CUST01338,Cold Food,2025-12-27 18:07:00,Business Bay (Dubai),True,11.0
CMP00546,ORD005409,CUST03007,Wrong Order,2025-12-10 15:35:00,Al Qasimia (Sharjah),True,7.0
CMP00547,ORD010406,CUST01231,Late Delivery,2025-11-25 08:21:00,JBR (Dubai),False,24.0
CMP00548,ORD006912,CUST02977,Late Delivery,2025-12-30 12:34:00,Al Nahda (Sharjah),True,
CMP00549,ORD003302,CUST01278,Damaged Package,2025-12-05 03:48:00,JBR (Dubai),False,
CMP00550,ORD013978,CUST03528,Damaged Package,2025-11-06 08:53:00,Yas Island (Abu Dhabi),True,20.0
CMP00551,ORD010623,CUST04018,Missing Items,2025-10-27 23:46:00,Khalidiya (Abu Dhabi),True,14.0
CMP00552,ORD007813,CUST01465,Cold Food,2025-12-31 00:25:00,Corniche (Abu Dhabi),True,47.0
CMP00553,ORD004111,CUST04717,Rude Rider,2025-11-07 04:55:00,JLT (Dubai),True,30.0
CMP00554,ORD000626,CUST04215,Wrong Order,2025-11-17 19:56:00,Yas Island (Abu Dhabi),True,37.0
CMP00555,ORD000302,CUST00054,Cold Food,2025-12-27 03:49:00,JLT (Dubai),True,39.0
CMP00556,ORD005275,CUST04618,Late Delivery,2025-12-02 17:56:00,Al Qasimia (Sharjah),True,35.0
CMP00557,ORD005373,CUST02493,Cold Food,2025-12-08 12:17:00,Corniche (Abu Dhabi),True,27.0
CMP00558,ORD003026,CUST02003,Late Delivery,2025-11-06 20:55:00,Marina (Dubai),True,
CMP00559,ORD005923,CUST01606,Damaged Package,2025-11-27 14:08:00,Marina (Dubai),False,28.0
CMP00560,ORD000766,CUST03661,Damaged Package,2025-12-19 16:40:00,Al Nuaimiya (Ajman),True,12.0
CMP00561,ORD014340,CUST02405,Late Delivery,2025-11-05 09:28:00,Al Majaz (Sharjah),True,
CMP00562,ORD009533,CUST00306,Missing Items,2025-10-23 15:34:00,JBR (Dubai),True,36.0
CMP00563,ORD013372,CUST03513,Cold Food,2025-10-09 09:09:00,Al Reem (Abu Dhabi),True,
CMP00564,ORD005853,CUST03094,Late Delivery,2025-10-24 23:04:00,Yas Island (Abu Dhabi),True,21.0
CMP00565,ORD002005,CUST01724,Cold Food,2025-10-24 19:40:00,Yas Island (Abu Dhabi),False,31.0
CMP00566,ORD008254,CUST01447,Late Delivery,2025-12-28 06:30:00,Al Reem (Abu Dhabi),True,7.0
CMP00567,ORD013216,CUST01613,Missing Items,2025-11-03 23:09:00,Khalidiya (Abu Dhabi),True,
CMP00568,ORD002150,CUST03056,Missing Items,2025-10-25 03:13:00,Downtown (Dubai),True,29.0
CMP00569,ORD008307,CUST02689,Missing Items,2025-10-31 17:15:00,Marina (Dubai),False,26.0
CMP00570,ORD007487,CUST01935,Late Delivery,2025-12-22 07:14:00,Business Bay (Dubai),False,
CMP00571,ORD006754,CUST01080,Cold Food,2025-11-29 02:20:00,Al Majaz (Sharjah),True,25.0
CMP00572,ORD006500,CUST04996,Missing Items,2025-12-10 03:57:00,JBR (Dubai),True,4.0
CMP00573,ORD010249,CUST03980,Damaged Package,2025-12-30 08:05:00,Deira (Dubai),True,45.0
CMP00574,ORD010722,CUST00367,Late Delivery,2025-12-25 22:59:00,Al Qasimia (Sharjah),True,22.0
CMP00575,ORD008900,CUST00583,Cold Food,2025-12-25 13:22:00,Al Nuaimiya (Ajman),True,15.0
CMP00576,ORD001970,CUST02325,Rude Rider,2025-12-14 07:30:00,Business Bay (Dubai),True,
CMP00577,ORD011000,CUST04535,Damaged Package,2025-12-30 22:57:00,Marina (Dubai),True,19.0
CMP00578,ORD000850,CUST02504,Cold Food,2025-12-02 18:04:00,Al Qasimia (Sharjah),True,48.0
CMP00579,ORD000557,CUST00534,Damaged Package,2025-10-20 23:38:00,JLT (Dubai),True,43.0
CMP00580,ORD005232,CUST01634,Rude Rider,2025-12-04 08:52:00,Downtown (Dubai),True,11.0
CMP00581,ORD012342,CUST03444,Wrong Order,2025-11-03 23:31:00,Business Bay (Dubai),False,22.0
CMP00582,ORD013170,CUST01444,Rude Rider,2025-10-14 10:57:00,Downtown (Dubai),True,9.0
CMP00583,ORD000064,CUST01619,Rude Rider,2025-11-22 12:40:00,Al Nuaimiya (Ajman),True,12.0
CMP00584,ORD005729,CUST00889,Late Delivery,2025-10-24 05:42:00,Al Nuaimiya (Ajman),True,47.0
CMP00585,ORD002692,CUST04413,Damaged Package,2025-12-19 11:08:00,Yas Island (Abu Dhabi),True,41.0
CMP00586,ORD001406,CUST04450,Cold Food,2025-11-28 17:47:00,Al Majaz (Sharjah),True,41.0
CMP00587,ORD007986,CUST04555,Missing Items,2025-10-28 08:09:00,JBR (Dubai),False,22.0
CMP00588,ORD008719,CUST01551,Damaged Package,2025-10-19 03:38:00,Al Rashidiya (Ajman),True,22.0
CMP00589,ORD006337,CUST01543,Wrong Order,2025-11-20 22:32:00,Marina (Dubai),False,
CMP00590,ORD009707,CUST02702,Cold Food,2025-10-10 01:39:00,Al Reem (Abu Dhabi),True,34.0
CMP00591,ORD010347,CUST01944,Late Delivery,2025-10-14 14:25:00,Al Qasimia (Sharjah),True,
CMP00592,ORD014197,CUST00891,Cold Food,2025-10-16 21:48:00,Deira (Dubai),True,28.0
CMP00593,ORD000395,CUST03564,Late Delivery,2025-10-17 11:36:00,JBR (Dubai),False,40.0
CMP00594,ORD006955,CUST04150,Damaged Package,2025-10-16 09:48:00,Khalidiya (Abu Dhabi),True,22.0
CMP00595,ORD013266,CUST03919,Late Delivery,2025-11-15 05:50:00,JLT (Dubai),False,
CMP00596,ORD005868,CUST03742,Rude Rider,2025-11-10 12:22:00,JLT (Dubai),False,47.0
CMP00597,ORD010658,CUST04923,Rude Rider,2025-10-18 05:21:00,Business Bay (Dubai),False,29.0
CMP00598,ORD010299,CUST03092,Damaged Package,2025-10-26 12:46:00,Al Rashidiya (Ajman),True,36.0
CMP00599,ORD003097,CUST00421,Missing Items,2025-11-27 02:05:00,Corniche (Abu Dhabi),True,
CMP00600,ORD007680,CUST01210,Late Delivery,2025-12-01 06:36:00,Al Nuaimiya (Ajman),True,48.0
CMP00601,ORD008847,CUST03468,Damaged Package,2025-11-29 05:06:00,Al Nuaimiya (Ajman),False,30.0
CMP00602,ORD000222,CUST02347,Late Delivery,2025-12-31 22:45:00,Al Majaz (Sharjah),False,13.0
CMP00603,ORD012801,CUST04858,Rude Rider,2025-10-29 17:44:00,Khalidiya (Abu Dhabi),True,8.0
CMP00604,ORD014848,CUST00367,Damaged Package,2025-11-24 18:17:00,JLT (Dubai),True,1.0
CMP00605,ORD005657,CUST02125,Damaged Package,2025-12-23 12:01:00,Downtown (Dubai),True,31.0
CMP00606,ORD011083,CUST01198,Cold Food,2025-12-08 21:38:00,Al Majaz (Sharjah),True,8.0
CMP00607,ORD010460,CUST02722,Rude Rider,2025-12-20 13:01:00,Al Nuaimiya (Ajman),True,45.0
CMP00608,ORD010463,CUST01823,Wrong Order,2025-11-28 04:53:00,Yas Island (Abu Dhabi),False,33.0
CMP00609,ORD013247,CUST00489,Late Delivery,2025-10-15 14:24:00,Corniche (Abu Dhabi),True,9.0
CMP00610,ORD010048,CUST02194,Cold Food,2025-11-29 06:06:00,Business Bay (Dubai),True,
CMP00611,ORD006607,CUST01728,Wrong Order,2025-10-03 21:10:00,Al Reem (Abu Dhabi),False,34.0
CMP00612,ORD014908,CUST03503,Cold Food,2025-11-25 10:50:00,Al Rashidiya (Ajman),True,29.0
CMP00613,ORD005602,CUST01051,Cold Food,2025-10-31 22:23:00,Marina (Dubai),True,39.0
CMP00614,ORD010237,CUST01853,Damaged Package,2025-11-14 23:58:00,Business Bay (Dubai),True,40.0
CMP00615,ORD004213,CUST00326,Rude Rider,2025-10-11 16:14:00,JLT (Dubai),True,21.0
CMP00616,ORD014566,CUST04463,Late Delivery,2025-11-12 09:26:00,Khalidiya (Abu Dhabi),True,29.0
CMP00617,ORD001784,CUST01556,Cold Food,2025-11-03 10:00:00,Yas Island (Abu Dhabi),True,25.0
CMP00618,ORD006575,CUST03889,Cold Food,2025-10-18 22:00:00,Yas Island (Abu Dhabi),True,23.0
CMP00619,ORD007046,CUST00478,Late Delivery,2025-12-21 06:08:00,Al Majaz (Sharjah),True,26.0
CMP00620,ORD004091,CUST02129,Damaged Package,2025-12-10 11:32:00,Business Bay (Dubai),True,
CMP00621,ORD004227,CUST01982,Cold Food,2025-11-26 01:28:00,JLT (Dubai),True,
CMP00622,ORD003169,CUST02146,Cold Food,2025-12-26 20:03:00,Yas Island (Abu Dhabi),True,42.0
CMP00623,ORD008905,CUST02543,Missing Items,2025-11-07 08:56:00,Corniche (Abu Dhabi),True,19.0
CMP00624,ORD008302,CUST01066,Damaged Package,2025-11-09 23:44:00,JLT (Dubai),True,17.0
CMP00625,ORD014652,CUST02390,Rude Rider,2025-10-26 19:14:00,Marina (Dubai),True,
CMP00626,ORD012925,CUST01816,Damaged Package,2025-11-15 21:42:00,Khalidiya (Abu Dhabi),False,21.0
CMP00627,ORD009197,CUST00766,Cold Food,2025-12-07 14:37:00,Khalidiya (Abu Dhabi),True,41.0
CMP00628,ORD001618,CUST01831,Missing Items,2025-10-15 21:27:00,Corniche (Abu Dhabi),False,
CMP00629,ORD004462,CUST00108,Late Delivery,2025-12-18 00:34:00,Khalidiya (Abu Dhabi),True,35.0
CMP00630,ORD011350,CUST00594,Cold Food,2025-10-26 13:35:00,Al Nuaimiya (Ajman),True,
CMP00631,ORD000131,CUST02783,Cold Food,2025-11-23 00:30:00,JLT (Dubai),True,
CMP00632,ORD014756,CUST02063,Damaged Package,2025-12-27 21:43:00,Al Qasimia (Sharjah),False,17.0
CMP00633,ORD008902,CUST04052,Wrong Order,2025-10-27 10:12:00,Business Bay (Dubai),True,38.0
CMP00634,ORD001964,CUST03183,Damaged Package,2025-12-15 04:29:00,Downtown (Dubai),True,
CMP00635,ORD014806,CUST03837,Damaged Package,2025-12-26 00:30:00,Marina (Dubai),True,27.0
CMP00636,ORD000297,CUST02312,Missing Items,2025-11-18 02:06:00,Al Qasimia (Sharjah),True,43.0
CMP00637,ORD013657,CUST04187,Rude Rider,2025-10-16 08:09:00,JLT (Dubai),False,37.0
CMP00638,ORD006345,CUST01786,Cold Food,2025-10-15 01:43:00,Al Rashidiya (Ajman),True,18.0
CMP00639,ORD000708,CUST00509,Damaged Package,2025-11-09 10:52:00,Yas Island (Abu Dhabi),True,21.0
CMP00640,ORD004150,CUST02702,Late Delivery,2025-11-14 07:25:00,JLT (Dubai),False,
CMP00641,ORD012499,CUST02378,Damaged Package,2025-12-26 19:14:00,Al Rashidiya (Ajman),True,32.0
CMP00642,ORD003116,CUST01383,Missing Items,2025-12-24 21:06:00,Al Rashidiya (Ajman),True,
CMP00643,ORD012362,CUST01122,Missing Items,2025-12-05 20:49:00,Corniche (Abu Dhabi),False,8.0
CMP00644,ORD011811,CUST03397,Missing Items,2025-12-25 03:53:00,Khalidiya (Abu Dhabi),False,47.0
CMP00645,ORD005714,CUST03790,Cold Food,2025-10-24 08:47:00,JLT (Dubai),True,
CMP00646,ORD005178,CUST02108,Damaged Package,2025-10-23 02:08:00,Khalidiya (Abu Dhabi),False,14.0
CMP00647,ORD007381,CUST01545,Missing Items,2025-10-21 04:50:00,Al Qasimia (Sharjah),True,33.0
CMP00648,ORD004764,CUST04735,Rude Rider,2025-11-25 21:54:00,Khalidiya (Abu Dhabi),True,31.0
CMP00649,ORD001570,CUST02079,Late Delivery,2025-11-20 04:08:00,Yas Island (Abu Dhabi),False,
CMP00650,ORD011072,CUST02827,Late Delivery,2025-12-15 20:48:00,JBR (Dubai),True,8.0
CMP00651,ORD002484,CUST02462,Cold Food,2025-12-11 05:25:00,Al Reem (Abu Dhabi),True,27.0
CMP00652,ORD012680,CUST01383,Cold Food,2025-11-04 02:08:00,JBR (Dubai),True,23.0
CMP00653,ORD014808,CUST00096,Cold Food,2025-12-02 14:51:00,Yas Island (Abu Dhabi),False,5.0
CMP00654,ORD004197,CUST03673,Cold Food,2025-10-07 08:09:00,Downtown (Dubai),False,
CMP00655,ORD000094,CUST00560,Damaged Package,2025-11-28 21:47:00,Al Rashidiya (Ajman),True,29.0
CMP00656,ORD004328,CUST01049,Cold Food,2025-12-20 03:07:00,Al Majaz (Sharjah),True,5.0
CMP00657,ORD009359,CUST04386,Late Delivery,2025-12-23 14:56:00,Al Reem (Abu Dhabi),True,38.0
CMP00658,ORD001190,CUST00724,Wrong Order,2025-12-08 00:20:00,Yas Island (Abu Dhabi),True,
CMP00659,ORD007510,CUST04317,Wrong Order,2025-10-10 20:16:00,JBR (Dubai),False,
CMP00660,ORD013026,CUST04442,Rude Rider,2025-10-12 02:50:00,Al Nuaimiya (Ajman),True,46.0
CMP00661,ORD008116,CUST02577,Wrong Order,2025-10-25 13:19:00,Khalidiya (Abu Dhabi),True,10.0
CMP00662,ORD008614,CUST00662,Wrong Order,2025-10-09 16:24:00,JBR (Dubai),True,38.0
CMP00663,ORD011424,CUST03539,Rude Rider,2025-10-25 19:30:00,Downtown (Dubai),True,
CMP00664,ORD006863,CUST04036,Wrong Order,2025-11-08 14:42:00,Al Nuaimiya (Ajman),False,14.0
CMP00665,ORD014464,CUST03015,Cold Food,2025-11-13 16:41:00,Al Rashidiya (Ajman),True,20.0
CMP00666,ORD004565,CUST01865,Cold Food,2025-10-26 01:38:00,Al Nuaimiya (Ajman),True,45.0
CMP00667,ORD014079,CUST00492,Rude Rider,2025-12-26 13:55:00,Al Rashidiya (Ajman),True,7.0
CMP00668,ORD008529,CUST02722,Damaged Package,2025-12-13 01:47:00,Al Rashidiya (Ajman),True,
CMP00669,ORD013262,CUST01475,Damaged Package,2025-12-04 18:44:00,JLT (Dubai),True,14.0
CMP00670,ORD010792,CUST02255,Missing Items,2025-10-30 19:44:00,JLT (Dubai),True,29.0
CMP00671,ORD005017,CUST00039,Rude Rider,2025-12-30 12:35:00,Al Qasimia (Sharjah),True,10.0
CMP00672,ORD007845,CUST02212,Late Delivery,2025-11-18 22:15:00,Khalidiya (Abu Dhabi),True,16.0
CMP00673,ORD011503,CUST03023,Missing Items,2025-12-05 10:22:00,Al Majaz (Sharjah),True,
CMP00674,ORD000038,CUST04851,Cold Food,2025-12-10 13:24:00,JBR (Dubai),True,2.0
CMP00675,ORD011073,CUST04819,Wrong Order,2025-11-19 22:42:00,Al Majaz (Sharjah),True,2.0
CMP00676,ORD003120,CUST02625,Late Delivery,2025-11-07 10:49:00,Al Nuaimiya (Ajman),True,
CMP00677,ORD004290,CUST01103,Late Delivery,2025-11-01 02:49:00,Al Reem (Abu Dhabi),True,40.0
CMP00678,ORD010232,CUST03065,Late Delivery,2025-10-27 06:06:00,Corniche (Abu Dhabi),True,42.0
CMP00679,ORD005841,CUST04270,Cold Food,2025-11-03 08:34:00,JBR (Dubai),True,
CMP00680,ORD003906,CUST03097,Missing Items,2025-12-30 05:57:00,JLT (Dubai),True,31.0
CMP00681,ORD003550,CUST00479,Rude Rider,2025-10-03 00:50:00,Al Majaz (Sharjah),True,
CMP00682,ORD005633,CUST01094,Late Delivery,2025-11-03 15:18:00,JLT (Dubai),False,46.0
CMP00683,ORD006659,CUST01833,Rude Rider,2025-12-18 05:54:00,Al Rashidiya (Ajman),True,
CMP00684,ORD001890,CUST02520,Late Delivery,2025-10-25 03:49:00,Khalidiya (Abu Dhabi),True,5.0
CMP00685,ORD011602,CUST03582,Late Delivery,2025-11-21 12:15:00,JLT (Dubai),True,27.0
CMP00686,ORD009727,CUST02868,Cold Food,2025-11-09 20:43:00,Khalidiya (Abu Dhabi),False,19.0
CMP00687,ORD011116,CUST04431,Cold Food,2025-11-14 23:42:00,Al Nuaimiya (Ajman),True,
CMP00688,ORD008193,CUST00379,Late Delivery,2025-10-08 10:15:00,JLT (Dubai),True,
CMP00689,ORD007905,CUST04315,Wrong Order,2025-11-29 17:47:00,Corniche (Abu Dhabi),False,
CMP00690,ORD005224,CUST01283,Rude Rider,2025-11-11 05:35:00,JBR (Dubai),True,20.0
CMP00691,ORD012227,CUST02806,Missing Items,2025-12-22 18:33:00,Al Nahda (Sharjah),False,12.0
CMP00692,ORD013826,CUST03056,Damaged Package,2025-10-04 01:08:00,Marina (Dubai),True,27.0
CMP00693,ORD002102,CUST01019,Rude Rider,2025-11-26 14:45:00,Yas Island (Abu Dhabi),True,
CMP00694,ORD001463,CUST04744,Missing Items,2025-10-16 17:20:00,Khalidiya (Abu Dhabi),True,39.0
CMP00695,ORD008365,CUST01568,Rude Rider,2025-10-04 22:09:00,Khalidiya (Abu Dhabi),True,44.0
CMP00696,ORD011995,CUST01858,Wrong Order,2025-12-14 00:47:00,Corniche (Abu Dhabi),False,23.0
CMP00697,ORD009139,CUST03416,Damaged Package,2025-11-18 10:00:00,Al Nuaimiya (Ajman),True,9.0
CMP00698,ORD012069,CUST03715,Late Delivery,2025-10-19 18:41:00,Al Nahda (Sharjah),True,
CMP00699,ORD000212,CUST01090,Damaged Package,2025-12-23 11:22:00,Al Nahda (Sharjah),False,
CMP00700,ORD012182,CUST03182,Damaged Package,2025-10-03 04:18:00,Al Rashidiya (Ajman),False,45.0
CMP00701,ORD010643,CUST04490,Rude Rider,2025-10-22 02:06:00,Marina (Dubai),True,27.0
CMP00702,ORD004201,CUST04727,Missing Items,2025-10-28 21:39:00,Marina (Dubai),True,33.0
CMP00703,ORD012423,CUST01454,Missing Items,2025-12-16 05:23:00,Al Majaz (Sharjah),True,4.0
CMP00704,ORD009685,CUST03924,Damaged Package,2025-12-17 15:19:00,Al Nuaimiya (Ajman),True,17.0
CMP00705,ORD004215,CUST00126,Damaged Package,2025-11-04 18:34:00,JLT (Dubai),True,43.0
CMP00706,ORD009086,CUST02241,Late Delivery,2025-12-04 02:20:00,Al Nuaimiya (Ajman),False,
CMP00707,ORD012675,CUST02817,Missing Items,2025-11-27 15:55:00,Yas Island (Abu Dhabi),True,9.0
CMP00708,ORD007647,CUST00816,Missing Items,2025-10-30 00:53:00,Al Majaz (Sharjah),True,
CMP00709,ORD004898,CUST03393,Rude Rider,2025-11-29 04:21:00,Business Bay (Dubai),True,13.0
CMP00710,ORD001299,CUST03593,Damaged Package,2025-10-11 04:32:00,Marina (Dubai),False,13.0
CMP00711,ORD010508,CUST01865,Cold Food,2025-10-22 04:13:00,Al Nuaimiya (Ajman),True,28.0
CMP00712,ORD014002,CUST01028,Missing Items,2025-11-07 04:22:00,Al Reem (Abu Dhabi),False,
CMP00713,ORD000565,CUST04654,Late Delivery,2025-11-30 15:00:00,Al Nuaimiya (Ajman),True,27.0
CMP00714,ORD002269,CUST02409,Wrong Order,2025-11-14 18:37:00,Al Nuaimiya (Ajman),True,
CMP00715,ORD003256,CUST04302,Cold Food,2025-10-04 09:33:00,Al Majaz (Sharjah),True,
CMP00716,ORD009496,CUST01917,Rude Rider,2025-10-07 16:34:00,Deira (Dubai),True,10.0
CMP00717,ORD012665,CUST03227,Wrong Order,2025-10-30 08:28:00,Khalidiya (Abu Dhabi),False,
CMP00718,ORD003673,CUST02472,Cold Food,2025-10-12 00:12:00,Khalidiya (Abu Dhabi),True,
CMP00719,ORD012473,CUST02352,Damaged Package,2025-10-20 06:54:00,Al Nuaimiya (Ajman),True,48.0
CMP00720,ORD008357,CUST00192,Missing Items,2025-12-19 11:26:00,JLT (Dubai),True,40.0
CMP00721,ORD001319,CUST03208,Late Delivery,2025-11-15 17:51:00,Deira (Dubai),True,37.0
CMP00722,ORD000888,CUST04587,Late Delivery,2025-11-10 01:16:00,Al Nuaimiya (Ajman),True,1.0
CMP00723,ORD005312,CUST01385,Damaged Package,2025-10-13 07:19:00,JLT (Dubai),False,25.0
CMP00724,ORD001345,CUST02064,Rude Rider,2025-12-26 04:39:00,JBR (Dubai),True,9.0
CMP00725,ORD001212,CUST00586,Missing Items,2025-11-18 10:10:00,Al Reem (Abu Dhabi),True,38.0
CMP00726,ORD001737,CUST04718,Damaged Package,2025-10-26 09:39:00,Yas Island (Abu Dhabi),False,30.0
CMP00727,ORD011402,CUST03957,Rude Rider,2025-11-24 18:51:00,Al Majaz (Sharjah),True,35.0
CMP00728,ORD001417,CUST01894,Wrong Order,2025-12-31 09:54:00,Al Rashidiya (Ajman),True,6.0
CMP00729,ORD008557,CUST00954,Missing Items,2025-11-26 13:50:00,Deira (Dubai),True,16.0
CMP00730,ORD014899,CUST04591,Late Delivery,2025-12-26 21:14:00,Deira (Dubai),True,38.0
CMP00731,ORD007995,CUST01884,Wrong Order,2025-11-19 08:05:00,Yas Island (Abu Dhabi),True,
CMP00732,ORD003965,CUST02766,Late Delivery,2025-10-02 18:25:00,Al Nahda (Sharjah),True,
CMP00733,ORD008364,CUST01835,Late Delivery,2025-10-21 10:07:00,Al Nahda (Sharjah),False,6.0
CMP00734,ORD011423,CUST01208,Late Delivery,2025-12-14 09:52:00,Al Qasimia (Sharjah),True,24.0
CMP00735,ORD012722,CUST01511,Wrong Order,2025-10-07 18:20:00,Al Rashidiya (Ajman),True,
CMP00736,ORD004039,CUST03651,Wrong Order,2025-11-09 08:45:00,Marina (Dubai),True,
CMP00737,ORD011078,CUST00394,Wrong Order,2025-11-16 17:14:00,Corniche (Abu Dhabi),False,5.0
CMP00738,ORD008846,CUST00647,Cold Food,2025-10-06 08:43:00,Al Reem (Abu Dhabi),True,
CMP00739,ORD002147,CUST03743,Missing Items,2025-12-02 18:41:00,Marina (Dubai),True,37.0
CMP00740,ORD002831,CUST01015,Damaged Package,2025-11-10 17:44:00,Al Qasimia (Sharjah),True,46.0
CMP00741,ORD004238,CUST00499,Missing Items,2025-12-16 07:00:00,JLT (Dubai),True,
CMP00742,ORD014594,CUST00367,Late Delivery,2025-12-11 13:43:00,Al Nuaimiya (Ajman),True,
CMP00743,ORD004477,CUST04905,Rude Rider,2025-10-17 20:38:00,JLT (Dubai),True,
CMP00744,ORD011197,CUST03513,Late Delivery,2025-11-17 06:35:00,Deira (Dubai),True,
CMP00745,ORD006121,CUST03709,Rude Rider,2025-11-04 14:32:00,Khalidiya (Abu Dhabi),True,19.0
CMP00746,ORD001611,CUST04344,Cold Food,2025-10-24 23:02:00,JBR (Dubai),False,3.0
CMP00747,ORD013292,CUST02216,Wrong Order,2025-10-16 05:23:00,Al Rashidiya (Ajman),True,
CMP00748,ORD008397,CUST02730,Rude Rider,2025-10-28 02:24:00,JBR (Dubai),True,
CMP00749,ORD008289,CUST01438,Wrong Order,2025-10-12 02:09:00,JLT (Dubai),True,
CMP00750,ORD014784,CUST00094,Cold Food,2025-11-03 00:59:00,Al Rashidiya (Ajman),False,
CMP00751,ORD011803,CUST04127,Late Delivery,2025-10-06 01:06:00,JBR (Dubai),True,
CMP00752,ORD008309,CUST04661,Late Delivery,2025-10-11 13:25:00,Al Reem (Abu Dhabi),False,9.0
CMP00753,ORD014412,CUST00271,Rude Rider,2025-11-09 08:32:00,Khalidiya (Abu Dhabi),True,44.0
CMP00754,ORD006977,CUST02205,Late Delivery,2025-10-05 07:31:00,Corniche (Abu Dhabi),True,21.0
CMP00755,ORD012820,CUST01142,Damaged Package,2025-11-15 09:12:00,Marina (Dubai),True,26.0
CMP00756,ORD000847,CUST01060,Late Delivery,2025-11-21 16:12:00,Marina (Dubai),True,15.0
CMP00757,ORD007910,CUST04455,Wrong Order,2025-10-26 23:37:00,Yas Island (Abu Dhabi),True,
CMP00758,ORD014012,CUST03575,Cold Food,2025-12-09 19:54:00,JBR (Dubai),True,30.0
CMP00759,ORD001535,CUST00391,Late Delivery,2025-12-23 17:09:00,Al Nuaimiya (Ajman),True,12.0
CMP00760,ORD012653,CUST02806,Cold Food,2025-12-26 17:52:00,Al Nahda (Sharjah),True,41.0
CMP00761,ORD012109,CUST03628,Late Delivery,2025-12-19 20:43:00,Marina (Dubai),True,
CMP00762,ORD003651,CUST01003,Wrong Order,2025-11-21 06:02:00,Al Qasimia (Sharjah),False,1.0
CMP00763,ORD012809,CUST01405,Rude Rider,2025-12-21 05:31:00,Khalidiya (Abu Dhabi),True,15.0
CMP00764,ORD013708,CUST04064,Wrong Order,2025-11-03 20:30:00,Downtown (Dubai),True,20.0
CMP00765,ORD006509,CUST01670,Cold Food,2025-11-10 17:53:00,Al Rashidiya (Ajman),False,27.0
CMP00766,ORD013556,CUST04972,Rude Rider,2025-12-27 19:53:00,Al Majaz (Sharjah),True,2.0
CMP00767,ORD008789,CUST03691,Damaged Package,2025-12-02 23:57:00,Marina (Dubai),True,
CMP00768,ORD008179,CUST01463,Missing Items,2025-11-06 09:19:00,Al Reem (Abu Dhabi),True,14.0
CMP00769,ORD012268,CUST02737,Wrong Order,2025-12-31 06:20:00,Al Nuaimiya (Ajman),True,
CMP00770,ORD014722,CUST01369,Wrong Order,2025-10-17 02:59:00,Al Majaz (Sharjah),True,32.0
CMP00771,ORD007541,CUST00402,Damaged Package,2025-10-16 08:12:00,Al Reem (Abu Dhabi),True,7.0
CMP00772,ORD001839,CUST00796,Rude Rider,2025-11-19 07:16:00,Yas Island (Abu Dhabi),True,12.0
CMP00773,ORD009276,CUST01025,Missing Items,2025-10-05 03:18:00,Business Bay (Dubai),False,27.0
CMP00774,ORD010067,CUST00155,Missing Items,2025-10-20 21:36:00,Al Nuaimiya (Ajman),False,26.0
CMP00775,ORD003279,CUST01956,Cold Food,2025-10-14 01:39:00,Downtown (Dubai),True,
CMP00776,ORD006777,CUST00619,Missing Items,2025-12-23 05:15:00,Al Reem (Abu Dhabi),False,35.0
CMP00777,ORD010696,CUST02571,Damaged Package,2025-10-04 10:23:00,Al Rashidiya (Ajman),False,40.0
CMP00778,ORD004771,CUST03806,Missing Items,2025-12-29 05:44:00,Yas Island (Abu Dhabi),True,
CMP00779,ORD005678,CUST03036,Damaged Package,2025-11-05 03:50:00,Yas Island (Abu Dhabi),True,
CMP00780,ORD012330,CUST01334,Late Delivery,2025-12-08 19:58:00,JLT (Dubai),True,33.0
CMP00781,ORD006715,CUST01040,Damaged Package,2025-10-05 02:02:00,Deira (Dubai),True,10.0
CMP00782,ORD011029,CUST01243,Cold Food,2025-10-25 17:48:00,Al Nahda (Sharjah),True,14.0
CMP00783,ORD001530,CUST04201,Late Delivery,2025-12-26 19:54:00,Al Rashidiya (Ajman),True,48.0
CMP00784,ORD007529,CUST03044,Damaged Package,2025-12-04 01:08:00,Al Nuaimiya (Ajman),True,
CMP00785,ORD014644,CUST02399,Wrong Order,2025-12-04 22:28:00,Yas Island (Abu Dhabi),False,17.0
CMP00786,ORD005699,CUST03610,Rude Rider,2025-10-28 04:00:00,Khalidiya (Abu Dhabi),False,
CMP00787,ORD002599,CUST04990,Damaged Package,2025-12-24 14:39:00,JBR (Dubai),False,
CMP00788,ORD014325,CUST01112,Rude Rider,2025-10-23 09:59:00,Al Nuaimiya (Ajman),True,42.0
CMP00789,ORD009723,CUST01742,Late Delivery,2025-11-27 18:43:00,Al Reem (Abu Dhabi),True,32.0
CMP00790,ORD012844,CUST01678,Damaged Package,2025-12-07 02:03:00,Business Bay (Dubai),True,30.0
CMP00791,ORD006049,CUST02004,Late Delivery,2025-10-13 22:25:00,Corniche (Abu Dhabi),False,20.0
CMP00792,ORD003464,CUST04007,Wrong Order,2025-10-20 21:21:00,Al Nuaimiya (Ajman),True,33.0
CMP00793,ORD002719,CUST02102,Cold Food,2025-10-21 06:45:00,Business Bay (Dubai),True,18.0
CMP00794,ORD006872,CUST01956,Missing Items,2025-12-02 06:03:00,Business Bay (Dubai),True,26.0
CMP00795,ORD004527,CUST04462,Late Delivery,2025-12-12 05:35:00,Business Bay (Dubai),True,
CMP00796,ORD012481,CUST02926,Late Delivery,2025-11-12 10:45:00,Marina (Dubai),True,
CMP00797,ORD008442,CUST03715,Wrong Order,2025-12-07 02:38:00,Al Majaz (Sharjah),True,6.0
CMP00798,ORD006406,CUST02922,Cold Food,2025-10-20 18:37:00,Corniche (Abu Dhabi),True,
CMP00799,ORD013698,CUST01635,Missing Items,2025-11-05 09:40:00,Al Nuaimiya (Ajman),True,34.0
CMP00800,ORD004596,CUST01852,Late Delivery,2025-12-02 21:07:00,Al Majaz (Sharjah),False,
CMP00801,ORD007432,CUST00251,Late Delivery,2025-12-27 16:21:00,Al Majaz (Sharjah),True,33.0
CMP00802,ORD010000,CUST01233,Late Delivery,2025-11-05 11:59:00,Al Nahda (Sharjah),False,
CMP00803,ORD000539,CUST02619,Rude Rider,2025-12-14 20:51:00,Marina (Dubai),True,36.0
CMP00804,ORD006951,CUST04969,Damaged Package,2025-11-01 13:09:00,Khalidiya (Abu Dhabi),True,6.0
CMP00805,ORD001959,CUST03484,Wrong Order,2025-12-05 19:21:00,Al Reem (Abu Dhabi),True,
CMP00806,ORD004247,CUST02430,Missing Items,2025-10-21 20:28:00,Al Nahda (Sharjah),False,
CMP00807,ORD003021,CUST02472,Missing Items,2025-10-07 17:39:00,Yas Island (Abu Dhabi),True,30.0
CMP00808,ORD013201,CUST04460,Damaged Package,2025-12-15 16:36:00,Corniche (Abu Dhabi),True,7.0
CMP00809,ORD010474,CUST00362,Missing Items,2025-12-20 10:05:00,JLT (Dubai),False,
CMP00810,ORD005303,CUST00624,Rude Rider,2025-12-12 19:38:00,Yas Island (Abu Dhabi),True,4.0
CMP00811,ORD007065,CUST04654,Damaged Package,2025-11-30 13:03:00,Downtown (Dubai),True,19.0
CMP00812,ORD006870,CUST03116,Missing Items,2025-11-25 09:46:00,Deira (Dubai),False,24.0
CMP00813,ORD003799,CUST00616,Rude Rider,2025-11-29 14:01:00,JLT (Dubai),True,
CMP00814,ORD009238,CUST01343,Wrong Order,2025-11-23 11:11:00,Al Majaz (Sharjah),True,46.0
CMP00815,ORD014747,CUST04496,Late Delivery,2025-10-08 21:36:00,Corniche (Abu Dhabi),True,
CMP00816,ORD013600,CUST01374,Rude Rider,2025-10-04 13:46:00,Al Nahda (Sharjah),False,48.0
CMP00817,ORD002900,CUST04438,Missing Items,2025-10-08 18:06:00,Khalidiya (Abu Dhabi),True,4.0
CMP00818,ORD000255,CUST04314,Cold Food,2025-11-07 14:47:00,Al Rashidiya (Ajman),True,7.0
CMP00819,ORD003404,CUST02668,Late Delivery,2025-12-05 10:37:00,Al Nuaimiya (Ajman),True,40.0
CMP00820,ORD013337,CUST03819,Cold Food,2025-10-25 10:49:00,Al Nuaimiya (Ajman),True,
CMP00821,ORD011567,CUST02588,Damaged Package,2025-11-07 15:59:00,Al Rashidiya (Ajman),True,31.0
CMP00822,ORD014131,CUST01186,Late Delivery,2025-12-27 08:00:00,Al Majaz (Sharjah),True,15.0
CMP00823,ORD002838,CUST03439,Missing Items,2025-12-25 02:34:00,Al Reem (Abu Dhabi),False,7.0
CMP00824,ORD011300,CUST03269,Cold Food,2025-11-10 08:10:00,Al Nuaimiya (Ajman),False,44.0
CMP00825,ORD001317,CUST03588,Rude Rider,2025-11-14 20:01:00,Deira (Dubai),True,30.0
CMP00826,ORD000899,CUST04760,Late Delivery,2025-11-18 05:36:00,Al Majaz (Sharjah),True,43.0
CMP00827,ORD011208,CUST01428,Cold Food,2025-11-05 23:34:00,Khalidiya (Abu Dhabi),False,
CMP00828,ORD008681,CUST04705,Cold Food,2025-12-24 06:54:00,Yas Island (Abu Dhabi),True,26.0
CMP00829,ORD009429,CUST02718,Late Delivery,2025-12-21 05:37:00,Khalidiya (Abu Dhabi),False,43.0
CMP00830,ORD012878,CUST01300,Damaged Package,2025-12-16 04:15:00,Downtown (Dubai),True,26.0
CMP00831,ORD008717,CUST02766,Missing Items,2025-11-21 19:35:00,Al Nuaimiya (Ajman),True,44.0
CMP00832,ORD009585,CUST03883,Wrong Order,2025-12-08 12:49:00,Al Rashidiya (Ajman),True,8.0
CMP00833,ORD001217,CUST00764,Damaged Package,2025-11-28 17:51:00,Al Nahda (Sharjah),False,24.0
CMP00834,ORD012170,CUST01336,Rude Rider,2025-10-17 18:30:00,Deira (Dubai),False,6.0
CMP00835,ORD013309,CUST02376,Late Delivery,2025-12-10 04:13:00,Al Rashidiya (Ajman),True,20.0
CMP00836,ORD008024,CUST03366,Missing Items,2025-12-11 00:09:00,JLT (Dubai),True,1.0
CMP00837,ORD003757,CUST01146,Cold Food,2025-11-20 05:20:00,Deira (Dubai),True,42.0
CMP00838,ORD013351,CUST01326,Wrong Order,2025-11-03 11:56:00,Al Majaz (Sharjah),False,
CMP00839,ORD014473,CUST00685,Rude Rider,2025-11-14 17:22:00,Al Rashidiya (Ajman),True,
CMP00840,ORD013217,CUST03030,Cold Food,2025-11-06 03:21:00,Yas Island (Abu Dhabi),True,19.0
CMP00841,ORD005345,CUST04536,Late Delivery,2025-12-02 04:57:00,Al Reem (Abu Dhabi),True,
CMP00842,ORD012296,CUST03004,Rude Rider,2025-12-23 03:12:00,JLT (Dubai),True,5.0
CMP00843,ORD009814,CUST01181,Wrong Order,2025-12-26 01:37:00,Al Rashidiya (Ajman),False,
CMP00844,ORD008618,CUST02097,Wrong Order,2025-12-25 14:32:00,Al Nahda (Sharjah),False,47.0
CMP00845,ORD003824,CUST00377,Rude Rider,2025-10-04 00:23:00,Business Bay (Dubai),True,19.0
CMP00846,ORD014300,CUST04189,Rude Rider,2025-10-17 17:53:00,Corniche (Abu Dhabi),False,
CMP00847,ORD005747,CUST04391,Wrong Order,2025-10-26 06:47:00,Al Majaz (Sharjah),True,6.0
CMP00848,ORD005650,CUST03392,Wrong Order,2025-12-27 22:51:00,Khalidiya (Abu Dhabi),True,
CMP00849,ORD008328,CUST01456,Missing Items,2025-10-13 02:53:00,Khalidiya (Abu Dhabi),True,10.0
CMP00850,ORD014361,CUST00294,Damaged Package,2025-11-26 21:16:00,JBR (Dubai),False,28.0
CMP00851,ORD007291,CUST02108,Wrong Order,2025-11-16 19:39:00,JBR (Dubai),True,21.0
CMP00852,ORD008029,CUST00938,Late Delivery,2025-11-10 19:11:00,Downtown (Dubai),True,29.0
CMP00853,ORD007530,CUST00954,Wrong Order,2025-12-27 11:17:00,Marina (Dubai),False,
CMP00854,ORD011707,CUST04609,Wrong Order,2025-12-11 03:31:00,Al Majaz (Sharjah),False,7.0
CMP00855,ORD006969,CUST01271,Wrong Order,2025-12-20 20:02:00,Al Majaz (Sharjah),True,41.0
CMP00856,ORD007723,CUST04527,Rude Rider,2025-12-27 23:54:00,Al Nuaimiya (Ajman),False,15.0
CMP00857,ORD006499,CUST01335,Missing Items,2025-10-09 15:37:00,JLT (Dubai),True,19.0
CMP00858,ORD013891,CUST01505,Rude Rider,2025-11-03 09:19:00,Yas Island (Abu Dhabi),False,18.0
CMP00859,ORD006218,CUST03327,Missing Items,2025-11-28 12:45:00,Al Majaz (Sharjah),True,
CMP00860,ORD013931,CUST02028,Missing Items,2025-11-21 23:15:00,Al Reem (Abu Dhabi),True,4.0
CMP00861,ORD003641,CUST04124,Missing Items,2025-10-29 20:14:00,JLT (Dubai),True,17.0
CMP00862,ORD014917,CUST01665,Missing Items,2025-11-30 16:55:00,Marina (Dubai),True,15.0
CMP00863,ORD007508,CUST04776,Rude Rider,2025-12-20 03:28:00,Khalidiya (Abu Dhabi),True,
CMP00864,ORD006979,CUST02313,Wrong Order,2025-10-17 20:20:00,Al Reem (Abu Dhabi),True,
CMP00865,ORD009006,CUST04586,Cold Food,2025-11-11 22:00:00,JLT (Dubai),False,5.0
CMP00866,ORD003175,CUST03157,Damaged Package,2025-11-15 03:07:00,Deira (Dubai),False,43.0
CMP00867,ORD010378,CUST03574,Missing Items,2025-12-29 17:42:00,Al Reem (Abu Dhabi),True,22.0
CMP00868,ORD013759,CUST02904,Missing Items,2025-12-09 18:07:00,Al Qasimia (Sharjah),True,10.0
CMP00869,ORD012819,CUST04243,Cold Food,2025-12-28 09:25:00,Al Nahda (Sharjah),True,3.0
CMP00870,ORD010604,CUST03989,Missing Items,2025-11-30 00:28:00,Al Nuaimiya (Ajman),True,
CMP00871,ORD014284,CUST03144,Rude Rider,2025-10-19 01:06:00,Marina (Dubai),False,10.0
CMP00872,ORD008110,CUST00864,Late Delivery,2025-11-07 03:17:00,Downtown (Dubai),False,22.0
CMP00873,ORD003476,CUST03497,Rude Rider,2025-11-04 04:59:00,Al Qasimia (Sharjah),True,31.0
CMP00874,ORD007526,CUST02928,Rude Rider,2025-10-30 01:40:00,Downtown (Dubai),True,14.0
CMP00875,ORD009336,CUST04808,Missing Items,2025-12-18 06:20:00,Al Nuaimiya (Ajman),True,39.0
CMP00876,ORD001753,CUST01492,Missing Items,2025-11-21 12:46:00,Al Nuaimiya (Ajman),False,17.0
CMP00877,ORD011938,CUST01278,Damaged Package,2025-12-12 00:45:00,JBR (Dubai),False,15.0
CMP00878,ORD002314,CUST01783,Late Delivery,2025-10-15 20:40:00,Al Nuaimiya (Ajman),True,16.0
CMP00879,ORD006827,CUST01671,Late Delivery,2025-12-18 05:46:00,Business Bay (Dubai),True,
CMP00880,ORD004699,CUST02636,Damaged Package,2025-10-26 10:15:00,Al Nuaimiya (Ajman),False,37.0
CMP00881,ORD003383,CUST03302,Rude Rider,2025-11-16 10:43:00,Khalidiya (Abu Dhabi),True,39.0
CMP00882,ORD010774,CUST04492,Missing Items,2025-12-25 11:18:00,Khalidiya (Abu Dhabi),False,21.0
CMP00883,ORD011119,CUST01462,Rude Rider,2025-12-16 18:49:00,Al Reem (Abu Dhabi),True,29.0
CMP00884,ORD014516,CUST03400,Rude Rider,2025-12-18 21:55:00,Al Qasimia (Sharjah),True,30.0
CMP00885,ORD004489,CUST00497,Rude Rider,2025-10-30 09:05:00,Al Rashidiya (Ajman),True,28.0
CMP00886,ORD010600,CUST01019,Damaged Package,2025-11-15 16:06:00,Al Qasimia (Sharjah),True,
CMP00887,ORD011047,CUST04618,Wrong Order,2025-12-15 05:39:00,Yas Island (Abu Dhabi),True,
CMP00888,ORD013839,CUST04739,Missing Items,2025-12-08 01:16:00,Al Qasimia (Sharjah),True,
CMP00889,ORD001691,CUST03925,Cold Food,2025-12-03 16:29:00,Al Nuaimiya (Ajman),True,12.0
CMP00890,ORD001330,CUST00266,Cold Food,2025-12-28 09:54:00,Marina (Dubai),True,
CMP00891,ORD009917,CUST03887,Missing Items,2025-10-23 14:54:00,Downtown (Dubai),False,32.0
CMP00892,ORD006617,CUST01585,Damaged Package,2025-11-09 01:50:00,Marina (Dubai),True,28.0
CMP00893,ORD008856,CUST04343,Late Delivery,2025-10-02 15:24:00,Al Qasimia (Sharjah),False,
CMP00894,ORD001400,CUST04283,Wrong Order,2025-12-07 04:44:00,Al Nuaimiya (Ajman),True,36.0
CMP00895,ORD001763,CUST00811,Damaged Package,2025-12-07 01:26:00,Khalidiya (Abu Dhabi),True,
CMP00896,ORD013811,CUST03068,Late Delivery,2025-12-14 02:25:00,Business Bay (Dubai),False,1.0
CMP00897,ORD013347,CUST03732,Damaged Package,2025-12-05 17:50:00,Al Nuaimiya (Ajman),False,
CMP00898,ORD010676,CUST04051,Cold Food,2025-12-04 22:36:00,Yas Island (Abu Dhabi),True,37.0
CMP00899,ORD014836,CUST00799,Late Delivery,2025-12-24 13:17:00,Al Nuaimiya (Ajman),True,18.0
CMP00900,ORD001155,CUST00948,Rude Rider,2025-12-16 18:25:00,Khalidiya (Abu Dhabi),True,5.0
CMP00901,ORD004183,CUST00539,Missing Items,2025-12-25 16:56:00,Al Nuaimiya (Ajman),True,29.0
CMP00902,ORD001234,CUST00870,Late Delivery,2025-10-12 23:29:00,JLT (Dubai),False,6.0
CMP00903,ORD004890,CUST01456,Cold Food,2025-12-12 22:30:00,Khalidiya (Abu Dhabi),True,22.0
CMP00904,ORD006497,CUST00269,Late Delivery,2025-12-29 13:17:00,Al Majaz (Sharjah),False,13.0
CMP00905,ORD011017,CUST04942,Cold Food,2025-12-24 06:31:00,Deira (Dubai),True,17.0
CMP00906,ORD005307,CUST04554,Missing Items,2025-10-07 15:48:00,Al Reem (Abu Dhabi),True,29.0
CMP00907,ORD012983,CUST03590,Damaged Package,2025-12-26 01:57:00,JLT (Dubai),True,16.0
CMP00908,ORD008916,CUST03710,Late Delivery,2025-11-09 09:31:00,JLT (Dubai),True,3.0
CMP00909,ORD013485,CUST02662,Missing Items,2025-11-06 12:50:00,Al Nuaimiya (Ajman),False,4.0
CMP00910,ORD008009,CUST00800,Wrong Order,2025-10-16 04:29:00,JLT (Dubai),True,36.0
CMP00911,ORD003379,CUST02844,Late Delivery,2025-11-14 13:52:00,Al Majaz (Sharjah),True,
CMP00912,ORD006895,CUST01663,Cold Food,2025-10-20 17:09:00,JLT (Dubai),True,32.0
CMP00913,ORD010324,CUST04468,Damaged Package,2025-10-19 14:07:00,Al Nuaimiya (Ajman),False,
CMP00914,ORD008225,CUST02164,Late Delivery,2025-12-31 14:17:00,JBR (Dubai),False,
CMP00915,ORD011518,CUST04626,Late Delivery,2025-10-11 15:38:00,Khalidiya (Abu Dhabi),True,28.0
CMP00916,ORD010419,CUST02395,Cold Food,2025-12-18 06:15:00,Al Rashidiya (Ajman),False,29.0
CMP00917,ORD010577,CUST02279,Rude Rider,2025-11-24 11:29:00,Al Qasimia (Sharjah),True,
CMP00918,ORD002383,CUST04940,Damaged Package,2025-11-26 15:19:00,Al Reem (Abu Dhabi),True,14.0
CMP00919,ORD001030,CUST00500,Missing Items,2025-12-06 06:23:00,Al Majaz (Sharjah),True,38.0
CMP00920,ORD002447,CUST02770,Late Delivery,2025-12-24 04:50:00,Al Reem (Abu Dhabi),True,
CMP00921,ORD009792,CUST01786,Missing Items,2025-11-14 06:55:00,Downtown (Dubai),True,
CMP00922,ORD010558,CUST04486,Missing Items,2025-11-25 15:44:00,JBR (Dubai),False,2.0
CMP00923,ORD011718,CUST01152,Late Delivery,2025-11-03 03:08:00,Downtown (Dubai),True,7.0
CMP00924,ORD006384,CUST03426,Cold Food,2025-12-14 08:51:00,Al Nahda (Sharjah),True,
CMP00925,ORD004575,CUST01866,Wrong Order,2025-10-14 17:55:00,JLT (Dubai),False,16.0
CMP00926,ORD006861,CUST04561,Late Delivery,2025-12-21 16:23:00,JBR (Dubai),True,3.0
CMP00927,ORD002644,CUST01302,Cold Food,2025-12-20 11:37:00,Al Nuaimiya (Ajman),True,
CMP00928,ORD010328,CUST00837,Cold Food,2025-10-08 19:56:00,Al Majaz (Sharjah),True,
CMP00929,ORD010969,CUST01874,Cold Food,2025-10-19 22:44:00,Deira (Dubai),True,
CMP00930,ORD013425,CUST01099,Rude Rider,2025-11-27 14:01:00,JBR (Dubai),False,4.0
CMP00931,ORD013819,CUST01111,Damaged Package,2025-10-31 00:10:00,Al Reem (Abu Dhabi),False,
CMP00932,ORD011192,CUST00242,Wrong Order,2025-10-03 17:50:00,Al Majaz (Sharjah),True,3.0
CMP00933,ORD007052,CUST01630,Missing Items,2025-10-06 00:14:00,Khalidiya (Abu Dhabi),True,36.0
CMP00934,ORD009958,CUST04172,Rude Rider,2025-12-15 22:48:00,Al Reem (Abu Dhabi),False,16.0
CMP00935,ORD012414,CUST01143,Cold Food,2025-10-22 22:03:00,Al Rashidiya (Ajman),True,
CMP00936,ORD001546,CUST00442,Damaged Package,2025-12-04 13:17:00,Corniche (Abu Dhabi),True,
CMP00937,ORD009664,CUST02652,Late Delivery,2025-10-13 06:14:00,Downtown (Dubai),True,35.0
CMP00938,ORD000461,CUST03985,Cold Food,2025-12-20 09:38:00,Khalidiya (Abu Dhabi),True,18.0
CMP00939,ORD007816,CUST00500,Late Delivery,2025-11-02 21:57:00,Al Majaz (Sharjah),True,29.0
CMP00940,ORD014314,CUST01665,Damaged Package,2025-11-28 22:46:00,Downtown (Dubai),True,40.0
CMP00941,ORD000427,CUST04924,Damaged Package,2025-11-07 01:02:00,Deira (Dubai),True,
CMP00942,ORD000466,CUST02503,Cold Food,2025-10-25 01:55:00,Yas Island (Abu Dhabi),False,5.0
CMP00943,ORD005673,CUST01028,Missing Items,2025-10-24 12:13:00,Khalidiya (Abu Dhabi),True,11.0
CMP00944,ORD010323,CUST00258,Late Delivery,2025-11-18 23:37:00,Al Reem (Abu Dhabi),True,18.0
CMP00945,ORD002480,CUST02201,Late Delivery,2025-12-24 02:19:00,JBR (Dubai),True,22.0
CMP00946,ORD000858,CUST00051,Late Delivery,2025-10-29 07:51:00,Al Majaz (Sharjah),True,
CMP00947,ORD010547,CUST03192,Late Delivery,2025-11-14 05:39:00,Al Majaz (Sharjah),True,
CMP00948,ORD005236,CUST02871,Cold Food,2025-11-08 09:32:00,Al Reem (Abu Dhabi),True,
CMP00949,ORD007484,CUST00329,Wrong Order,2025-11-24 13:38:00,JLT (Dubai),True,
CMP00950,ORD008435,CUST01921,Rude Rider,2025-10-10 09:34:00,JLT (Dubai),False,7.0
CMP00951,ORD007337,CUST00951,Rude Rider,2025-12-31 02:54:00,Khalidiya (Abu Dhabi),True,8.0
CMP00952,ORD001787,CUST04691,Cold Food,2025-10-29 22:55:00,Yas Island (Abu Dhabi),True,11.0
CMP00953,ORD001814,CUST03957,Rude Rider,2025-11-23 10:08:00,Al Rashidiya (Ajman),False,21.0
CMP00954,ORD013727,CUST00162,Wrong Order,2025-10-11 23:31:00,Khalidiya (Abu Dhabi),True,
CMP00955,ORD014635,CUST02008,Late Delivery,2025-11-17 21:08:00,Deira (Dubai),True,
CMP00956,ORD002785,CUST04720,Wrong Order,2025-11-22 21:49:00,Deira (Dubai),True,
CMP00957,ORD012189,CUST00003,Rude Rider,2025-12-25 04:41:00,Al Majaz (Sharjah),False,
CMP00958,ORD000711,CUST00837,Late Delivery,2025-11-05 07:17:00,Al Rashidiya (Ajman),True,4.0
CMP00959,ORD013841,CUST04707,Missing Items,2025-12-27 13:26:00,Al Nahda (Sharjah),True,41.0
CMP00960,ORD012972,CUST03178,Wrong Order,2025-12-11 16:17:00,Al Qasimia (Sharjah),True,24.0
CMP00961,ORD007019,CUST00870,Rude Rider,2025-11-26 06:44:00,Corniche (Abu Dhabi),True,
CMP00962,ORD007267,CUST00210,Damaged Package,2025-10-29 00:44:00,Business Bay (Dubai),True,17.0
CMP00963,ORD000495,CUST02347,Rude Rider,2025-11-16 11:09:00,Al Reem (Abu Dhabi),True,8.0
CMP00964,ORD002752,CUST03425,Cold Food,2025-10-03 17:38:00,Al Rashidiya (Ajman),True,20.0
CMP00965,ORD011239,CUST02228,Missing Items,2025-10-06 06:21:00,Al Nuaimiya (Ajman),True,41.0
CMP00966,ORD014018,CUST01143,Damaged Package,2025-11-08 01:06:00,Al Nuaimiya (Ajman),True,
CMP00967,ORD008044,CUST04190,Cold Food,2025-11-21 04:10:00,JLT (Dubai),True,28.0
CMP00968,ORD006445,CUST02405,Late Delivery,2025-11-24 10:35:00,Al Rashidiya (Ajman),True,4.0
CMP00969,ORD002773,CUST01224,Wrong Order,2025-12-24 22:27:00,Al Nahda (Sharjah),True,19.0
CMP00970,ORD008058,CUST00177,Wrong Order,2025-11-20 04:53:00,JLT (Dubai),True,41.0
CMP00971,ORD000542,CUST03221,Wrong Order,2025-10-10 01:40:00,Khalidiya (Abu Dhabi),True,48.0
CMP00972,ORD007156,CUST01449,Cold Food,2025-12-26 12:07:00,Al Nuaimiya (Ajman),False,28.0
CMP00973,ORD007338,CUST02482,Missing Items,2025-11-03 17:08:00,Marina (Dubai),True,2.0
CMP00974,ORD000787,CUST01334,Damaged Package,2025-10-03 09:50:00,Marina (Dubai),True,43.0
CMP00975,ORD000534,CUST03956,Cold Food,2025-10-18 15:11:00,Al Majaz (Sharjah),True,41.0
CMP00976,ORD009942,CUST01017,Rude Rider,2025-10-22 05:10:00,Al Reem (Abu Dhabi),True,26.0
CMP00977,ORD009371,CUST04377,Damaged Package,2025-11-04 20:17:00,Al Majaz (Sharjah),True,
CMP00978,ORD013039,CUST03660,Late Delivery,2025-12-25 02:57:00,Al Nuaimiya (Ajman),False,23.0
CMP00979,ORD005274,CUST00447,Rude Rider,2025-11-27 10:13:00,Deira (Dubai),False,20.0
CMP00980,ORD013137,CUST04369,Cold Food,2025-11-18 11:29:00,Yas Island (Abu Dhabi),True,
CMP00981,ORD010913,CUST03925,Cold Food,2025-11-15 03:29:00,Al Rashidiya (Ajman),True,
CMP00982,ORD009943,CUST00597,Cold Food,2025-11-11 18:57:00,Yas Island (Abu Dhabi),True,19.0
CMP00983,ORD001557,CUST01806,Damaged Package,2025-11-01 07:16:00,Business Bay (Dubai),True,
CMP00984,ORD011817,CUST01639,Damaged Package,2025-10-31 11:06:00,Khalidiya (Abu Dhabi),True,11.0
CMP00985,ORD003455,CUST04720,Missing Items,2025-10-18 15:53:00,Downtown (Dubai),True,1.0
CMP00986,ORD012328,CUST01334,Wrong Order,2025-10-29 02:04:00,Business Bay (Dubai),False,
CMP00987,ORD012804,CUST01122,Wrong Order,2025-10-13 21:58:00,Al Rashidiya (Ajman),True,
CMP00988,ORD012791,CUST04495,Wrong Order,2025-10-10 13:15:00,JLT (Dubai),True,
CMP00989,ORD004597,CUST02472,Damaged Package,2025-12-19 20:39:00,Al Nuaimiya (Ajman),True,6.0
CMP00990,ORD008039,CUST03138,Cold Food,2025-10-29 14:40:00,Corniche (Abu Dhabi),True,35.0
CMP00991,ORD014750,CUST03145,Cold Food,2025-10-31 07:48:00,Corniche (Abu Dhabi),True,30.0
CMP00992,ORD014084,CUST04129,Late Delivery,2025-11-22 15:10:00,Al Nahda (Sharjah),False,
CMP00993,ORD007557,CUST03403,Rude Rider,2025-10-26 20:39:00,Marina (Dubai),True,34.0
CMP00994,ORD002610,CUST01058,Missing Items,2025-10-15 10:26:00,Al Nahda (Sharjah),True,
CMP00995,ORD014441,CUST02536,Wrong Order,2025-12-01 23:20:00,Khalidiya (Abu Dhabi),True,48.0
CMP00996,ORD001507,CUST03837,Late Delivery,2025-10-17 02:40:00,Marina (Dubai),True,9.0
CMP00997,ORD000308,CUST01913,Wrong Order,2025-11-27 21:50:00,Al Qasimia (Sharjah),True,23.0
CMP00998,ORD012909,CUST02863,Late Delivery,2025-11-28 10:28:00,Deira (Dubai),True,
CMP00999,ORD000312,CUST03038,Cold Food,2025-10-23 20:48:00,Khalidiya (Abu Dhabi),True,
CMP01000,ORD004755,CUST01103,Rude Rider,2025-10-24 05:16:00,Corniche (Abu Dhabi),True,
CMP01001,ORD007265,CUST03867,Cold Food,2025-11-26 20:05:00,JLT (Dubai),False,27.0
CMP01002,ORD009248,CUST03741,Late Delivery,2025-11-01 22:15:00,Al Reem (Abu Dhabi),True,17.0
CMP01003,ORD001179,CUST01005,Rude Rider,2025-11-11 06:28:00,Al Reem (Abu Dhabi),True,9.0
CMP01004,ORD006316,CUST03883,Rude Rider,2025-10-16 01:45:00,JLT (Dubai),True,19.0
CMP01005,ORD007313,CUST01728,Rude Rider,2025-11-02 14:14:00,Al Rashidiya (Ajman),True,
CMP01006,ORD005693,CUST04766,Rude Rider,2025-10-11 10:22:00,Al Rashidiya (Ajman),False,31.0
CMP01007,ORD001126,CUST03915,Late Delivery,2025-10-11 09:25:00,JLT (Dubai),True,17.0
CMP01008,ORD009506,CUST02315,Wrong Order,2025-12-06 14:14:00,JBR (Dubai),True,18.0
CMP01009,ORD009154,CUST00844,Late Delivery,2025-11-16 16:14:00,Al Nuaimiya (Ajman),True,7.0
CMP01010,ORD008704,CUST02476,Damaged Package,2025-11-25 00:59:00,JBR (Dubai),True,32.0
CMP01011,ORD009373,CUST03780,Damaged Package,2025-12-03 04:01:00,JLT (Dubai),True,
CMP01012,ORD007483,CUST01093,Cold Food,2025-12-14 02:29:00,Al Qasimia (Sharjah),True,
CMP01013,ORD007293,CUST04946,Cold Food,2025-10-10 03:06:00,Al Rashidiya (Ajman),True,18.0
CMP01014,ORD006154,CUST02054,Missing Items,2025-10-19 18:06:00,Khalidiya (Abu Dhabi),True,28.0
CMP01015,ORD001456,CUST00971,Cold Food,2025-12-23 06:55:00,Deira (Dubai),True,17.0
CMP01016,ORD012365,CUST03955,Damaged Package,2025-12-12 02:17:00,Al Nuaimiya (Ajman),False,
CMP01017,ORD013726,CUST01425,Wrong Order,2025-10-20 21:46:00,Al Majaz (Sharjah),False,15.0
CMP01018,ORD003885,CUST04037,Cold Food,2025-10-17 08:05:00,Yas Island (Abu Dhabi),True,18.0
CMP01019,ORD006254,CUST04518,Missing Items,2025-10-28 10:03:00,Al Majaz (Sharjah),True,47.0
CMP01020,ORD012609,CUST02084,Wrong Order,2025-10-04 21:15:00,Al Nuaimiya (Ajman),True,
